date,open,close,high,low,volume
2019-06-12,0.25,0.25,0.26,0.25,1346322.0
2019-06-13,0.25,0.25,0.25,0.25,150306.0
2019-06-14,0.25,0.24,0.25,0.24,76983.0
2019-06-17,0.24,0.24,0.24,0.24,50678.0
2019-06-18,0.24,0.24,0.24,0.24,40390.0
2019-06-19,0.24,0.24,0.25,0.24,135976.0
2019-06-20,0.25,0.25,0.25,0.24,53549.0
2019-06-21,0.25,0.25,0.26,0.25,196584.0
2019-06-24,0.25,0.25,0.25,0.25,68144.0
2019-06-25,0.25,0.25,0.25,0.25,56951.0
2019-06-26,0.24,0.25,0.25,0.24,51130.0
2019-06-27,0.25,0.26,0.26,0.25,202872.0
2019-06-28,0.26,0.25,0.26,0.25,64054.0
2019-07-01,0.26,0.26,0.26,0.26,215778.0
2019-07-02,0.26,0.26,0.26,0.26,67788.0
2019-07-03,0.26,0.25,0.26,0.25,59828.0
2019-07-04,0.25,0.25,0.26,0.25,63095.0
2019-07-05,0.25,0.25,0.25,0.25,49379.0
2019-07-08,0.25,0.24,0.25,0.24,122066.0
2019-07-09,0.24,0.24,0.24,0.24,38274.0
2019-07-10,0.24,0.25,0.25,0.24,68088.0
2019-07-11,0.25,0.24,0.25,0.24,61742.0
2019-07-12,0.24,0.24,0.24,0.24,47788.0
2019-07-15,0.24,0.25,0.25,0.24,121561.0
2019-07-16,0.25,0.25,0.25,0.25,88666.0
2019-07-17,0.25,0.26,0.26,0.25,205328.0
2019-07-18,0.25,0.25,0.25,0.25,72371.0
2019-07-19,0.25,0.25,0.25,0.25,68814.0
2019-07-22,0.26,0.25,0.26,0.24,143857.0
2019-07-23,0.25,0.25,0.25,0.25,150793.0
2019-07-24,0.25,0.26,0.26,0.25,303475.0
2019-07-25,0.26,0.26,0.27,0.26,309286.0
2019-07-26,0.26,0.26,0.27,0.26,98576.0
2019-07-29,0.26,0.27,0.27,0.26,110542.0
2019-07-30,0.27,0.26,0.27,0.26,132826.0
2019-07-31,0.26,0.27,0.27,0.26,101637.0
2019-08-01,0.26,0.26,0.27,0.26,110053.0
2019-08-02,0.26,0.26,0.26,0.26,96995.0
2019-08-05,0.26,0.26,0.26,0.26,109212.0
2019-08-06,0.26,0.25,0.26,0.24,242626.0
2019-08-07,0.25,0.24,0.25,0.24,117831.0
2019-08-08,0.25,0.25,0.25,0.25,172288.0
2019-08-09,0.25,0.25,0.25,0.25,130852.0
2019-08-12,0.25,0.26,0.26,0.25,166268.0
2019-08-13,0.25,0.26,0.26,0.25,82690.0
2019-08-14,0.26,0.26,0.26,0.26,127501.0
2019-08-15,0.25,0.26,0.26,0.25,230619.0
2019-08-16,0.26,0.26,0.27,0.26,161920.0
2019-08-19,0.27,0.27,0.28,0.26,159552.0
2019-08-20,0.27,0.27,0.28,0.27,180217.0
2019-08-21,0.27,0.28,0.28,0.27,153349.0
2019-08-22,0.28,0.28,0.28,0.27,259673.0
2019-08-23,0.27,0.27,0.28,0.27,122460.0
2019-08-26,0.27,0.27,0.27,0.27,61022.0
2019-08-27,0.27,0.28,0.28,0.27,112679.0
2019-08-28,0.28,0.28,0.28,0.28,41125.0
2019-08-29,0.28,0.28,0.28,0.28,68954.0
2019-08-30,0.28,0.28,0.29,0.28,125995.0
2019-09-02,0.28,0.29,0.3,0.28,104927.0
2019-09-03,0.29,0.3,0.31,0.29,336104.0
2019-09-04,0.3,0.31,0.33,0.3,365344.0
2019-09-05,0.32,0.31,0.32,0.31,226321.0
2019-09-06,0.31,0.31,0.31,0.3,210595.0
2019-09-09,0.31,0.33,0.33,0.31,420360.0
2019-09-10,0.33,0.32,0.33,0.31,462260.0
2019-09-11,0.32,0.32,0.32,0.31,275447.0
2019-09-12,0.32,0.32,0.32,0.32,167500.0
2019-09-16,0.32,0.32,0.33,0.32,271148.0
2019-09-17,0.32,0.31,0.32,0.31,340893.0
2019-09-18,0.31,0.31,0.31,0.31,179738.0
2019-09-19,0.31,0.32,0.32,0.31,232853.0
2019-09-20,0.32,0.33,0.33,0.32,331192.0
2019-09-23,0.33,0.34,0.34,0.32,474228.0
2019-09-24,0.34,0.34,0.34,0.34,439594.0
2019-09-25,0.34,0.32,0.34,0.32,614926.0
2019-09-26,0.32,0.3,0.32,0.3,539673.0
2019-09-27,0.31,0.31,0.31,0.3,330468.0
2019-09-30,0.31,0.3,0.31,0.3,350319.0
2019-10-08,0.3,0.3,0.31,0.29,282693.0
2019-10-09,0.29,0.3,0.3,0.29,252683.0
2019-10-10,0.3,0.3,0.31,0.3,322264.0
2019-10-11,0.3,0.3,0.31,0.3,205374.0
2019-10-14,0.3,0.31,0.31,0.3,340505.0
2019-10-15,0.31,0.3,0.31,0.3,371758.0
2019-10-16,0.3,0.29,0.3,0.29,265009.0
2019-10-17,0.3,0.29,0.3,0.29,195073.0
2019-10-18,0.29,0.29,0.3,0.29,261921.0
2019-10-21,0.29,0.29,0.29,0.28,239253.0
2019-10-22,0.29,0.29,0.29,0.29,279673.0
2019-10-23,0.29,0.29,0.3,0.29,209803.0
2019-10-24,0.29,0.29,0.29,0.29,157984.0
2019-10-25,0.29,0.29,0.29,0.29,195134.0
2019-10-28,0.3,0.3,0.3,0.3,355077.0
2019-10-29,0.3,0.3,0.3,0.3,169487.0
2019-10-30,0.3,0.3,0.31,0.29,370291.0
2019-10-31,0.3,0.3,0.31,0.3,235310.0
2019-11-01,0.3,0.3,0.31,0.3,180568.0
2019-11-04,0.31,0.31,0.31,0.3,213090.0
2019-11-05,0.31,0.31,0.31,0.3,250673.0
2019-11-06,0.31,0.3,0.31,0.3,243766.0
2019-11-07,0.3,0.3,0.31,0.3,166624.0
2019-11-08,0.31,0.31,0.31,0.31,231775.0
2019-11-11,0.3,0.3,0.3,0.3,198714.0
2019-11-12,0.3,0.3,0.3,0.29,225884.0
2019-11-13,0.3,0.31,0.31,0.29,387367.0
2019-11-14,0.31,0.32,0.32,0.31,302045.0
2019-11-15,0.32,0.31,0.32,0.31,353001.0
2019-11-18,0.31,0.32,0.32,0.31,220071.0
2019-11-19,0.32,0.32,0.32,0.31,249634.0
2019-11-20,0.32,0.32,0.32,0.32,210788.0
2019-11-21,0.31,0.32,0.32,0.31,234314.0
2019-11-22,0.32,0.31,0.32,0.31,479601.0
2019-11-25,0.31,0.3,0.31,0.3,344504.0
2019-11-26,0.3,0.3,0.3,0.3,208947.0
2019-11-27,0.3,0.31,0.31,0.3,421272.0
2019-11-28,0.31,0.31,0.31,0.31,158085.0
2019-11-29,0.31,0.31,0.31,0.31,245398.0
2019-12-02,0.31,0.32,0.32,0.31,373275.0
2019-12-03,0.32,0.33,0.33,0.31,372794.0
2019-12-04,0.32,0.33,0.33,0.32,279088.0
2019-12-05,0.33,0.33,0.34,0.33,402807.0
2019-12-06,0.33,0.34,0.34,0.33,274366.0
2019-12-09,0.34,0.35,0.35,0.34,306801.0
2019-12-10,0.34,0.36,0.36,0.34,523016.0
2019-12-11,0.36,0.35,0.36,0.35,354733.0
2019-12-12,0.35,0.36,0.37,0.35,689671.0
2019-12-13,0.37,0.37,0.37,0.36,589063.0
2019-12-16,0.36,0.37,0.37,0.36,528004.0
2019-12-17,0.37,0.37,0.37,0.37,438463.0
2019-12-18,0.37,0.37,0.37,0.37,394989.0
2019-12-19,0.37,0.36,0.37,0.36,437997.0
2019-12-20,0.36,0.36,0.36,0.36,311695.0
2019-12-23,0.35,0.34,0.35,0.34,396908.0
2019-12-24,0.35,0.36,0.36,0.34,722049.0
2019-12-25,0.35,0.37,0.37,0.35,760207.0
2019-12-26,0.37,0.37,0.37,0.37,322884.0
2019-12-27,0.37,0.36,0.37,0.36,829507.0
2019-12-30,0.36,0.36,0.36,0.35,550425.0
2019-12-31,0.36,0.36,0.36,0.36,376343.0
2020-01-02,0.36,0.37,0.38,0.36,834768.0
2020-01-03,0.37,0.37,0.38,0.37,388318.0
2020-01-06,0.37,0.38,0.38,0.37,452577.0
2020-01-07,0.38,0.37,0.38,0.37,426286.0
2020-01-08,0.37,0.37,0.37,0.36,636909.0
2020-01-09,0.37,0.38,0.38,0.37,657091.0
2020-01-10,0.37,0.39,0.39,0.37,782129.0
2020-01-13,0.39,0.41,0.42,0.39,962238.0
2020-01-14,0.41,0.41,0.42,0.4,889891.0
2020-01-15,0.4,0.42,0.42,0.4,834900.0
2020-01-16,0.42,0.42,0.42,0.41,744700.0
2020-01-17,0.42,0.41,0.42,0.41,608216.0
2020-01-20,0.41,0.44,0.44,0.41,986223.0
2020-01-21,0.43,0.44,0.45,0.43,1468862.0
2020-01-22,0.43,0.46,0.47,0.43,1692554.0
2020-01-23,0.46,0.46,0.48,0.44,3157972.0
2020-02-03,0.41,0.41,0.42,0.41,1307796.0
2020-02-04,0.41,0.43,0.43,0.41,2936914.0
2020-02-05,0.43,0.43,0.45,0.42,2272444.0
2020-02-06,0.43,0.44,0.44,0.42,1924373.0
2020-02-07,0.44,0.46,0.46,0.44,1825034.0
2020-02-10,0.46,0.45,0.46,0.44,2078403.0
2020-02-11,0.45,0.45,0.46,0.45,1440178.0
2020-02-12,0.45,0.47,0.47,0.45,1700795.0
2020-02-13,0.47,0.49,0.49,0.47,2036284.0
2020-02-14,0.49,0.49,0.51,0.48,3032870.0
2020-02-17,0.5,0.51,0.51,0.5,2045424.0
2020-02-18,0.51,0.53,0.53,0.51,2305691.0
2020-02-19,0.53,0.54,0.56,0.52,3106735.0
2020-02-20,0.54,0.55,0.55,0.53,2972712.0
2020-02-21,0.55,0.57,0.57,0.55,2487803.0
2020-02-24,0.57,0.6,0.61,0.57,2859046.0
2020-02-25,0.59,0.61,0.61,0.56,4335446.0
2020-02-26,0.6,0.55,0.6,0.55,3547627.0
2020-02-27,0.56,0.54,0.57,0.53,2767812.0
2020-02-28,0.5,0.51,0.53,0.49,3573125.0
2020-03-02,0.52,0.51,0.53,0.49,3035058.0
2020-03-03,0.52,0.51,0.54,0.51,3239479.0
2020-03-04,0.5,0.49,0.5,0.48,2397903.0
2020-03-05,0.5,0.5,0.5,0.48,2262423.0
2020-03-06,0.49,0.49,0.5,0.49,1310489.0
2020-03-09,0.48,0.45,0.48,0.45,2078390.0
2020-03-10,0.46,0.49,0.49,0.46,2484949.0
2020-03-11,0.5,0.47,0.5,0.47,2206980.0
2020-03-12,0.45,0.47,0.47,0.45,1837954.0
2020-03-13,0.45,0.48,0.48,0.45,2647197.0
2020-03-16,0.48,0.44,0.48,0.44,2212397.0
2020-03-17,0.45,0.45,0.46,0.43,1800772.0
2020-03-18,0.45,0.44,0.47,0.44,2023305.0
2020-03-19,0.44,0.46,0.46,0.44,2041302.0
2020-03-20,0.46,0.45,0.47,0.44,2317215.0
2020-03-23,0.43,0.41,0.44,0.41,2079989.0
2020-03-24,0.42,0.41,0.42,0.39,1997073.0
2020-03-25,0.43,0.42,0.43,0.42,1752885.0
2020-03-26,0.42,0.41,0.43,0.41,1011518.0
2020-03-27,0.42,0.41,0.42,0.41,1063498.0
2020-03-30,0.4,0.4,0.41,0.39,1276011.0
2020-03-31,0.41,0.4,0.41,0.4,1065391.0
2020-04-01,0.39,0.41,0.41,0.39,1425503.0
2020-04-02,0.4,0.44,0.44,0.4,2065393.0
2020-04-03,0.43,0.43,0.44,0.43,1468139.0
2020-04-07,0.44,0.44,0.45,0.44,1299648.0
2020-04-08,0.44,0.44,0.45,0.43,1207410.0
2020-04-09,0.45,0.44,0.45,0.44,912984.0
2020-04-10,0.44,0.42,0.44,0.42,1401763.0
2020-04-13,0.41,0.41,0.41,0.4,809799.0
2020-04-14,0.41,0.42,0.42,0.41,1073930.0
2020-04-15,0.42,0.42,0.43,0.42,1519660.0
2020-04-16,0.42,0.43,0.43,0.41,1057404.0
2020-04-17,0.44,0.44,0.45,0.44,1944528.0
2020-04-20,0.45,0.45,0.45,0.44,878806.0
2020-04-21,0.44,0.43,0.44,0.43,1354832.0
2020-04-22,0.43,0.44,0.44,0.43,1105542.0
2020-04-23,0.44,0.43,0.44,0.43,791729.0
2020-04-24,0.43,0.42,0.43,0.42,944630.0
2020-04-27,0.42,0.41,0.42,0.41,824254.0
2020-04-28,0.41,0.43,0.43,0.4,1639895.0
2020-04-29,0.43,0.42,0.43,0.42,838984.0
2020-04-30,0.43,0.46,0.46,0.43,2242597.0
2020-05-06,0.45,0.48,0.48,0.45,2120451.0
2020-05-07,0.48,0.48,0.49,0.47,1644971.0
2020-05-08,0.48,0.48,0.49,0.47,1634122.0
2020-05-11,0.48,0.48,0.49,0.47,1393505.0
2020-05-12,0.47,0.49,0.49,0.47,1641295.0
2020-05-13,0.48,0.48,0.49,0.48,1252979.0
2020-05-14,0.48,0.48,0.49,0.48,1427257.0
2020-05-15,0.49,0.5,0.51,0.48,2312056.0
2020-05-18,0.52,0.49,0.52,0.48,2680507.0
2020-05-19,0.49,0.51,0.51,0.48,2399988.0
2020-05-20,0.5,0.5,0.51,0.49,2014322.0
2020-05-21,0.5,0.48,0.5,0.48,1958318.0
2020-05-22,0.47,0.47,0.48,0.46,1911100.0
2020-05-25,0.47,0.47,0.47,0.46,1387272.0
2020-05-26,0.47,0.48,0.48,0.47,1372594.0
2020-05-27,0.47,0.46,0.48,0.46,1037912.0
2020-05-28,0.46,0.46,0.46,0.45,1579736.0
2020-05-29,0.45,0.46,0.46,0.45,1191794.0
2020-06-01,0.46,0.48,0.48,0.46,1663494.0
2020-06-02,0.48,0.48,0.48,0.48,1203435.0
2020-06-03,0.48,0.48,0.49,0.48,1496002.0
2020-06-04,0.48,0.48,0.48,0.48,810286.0
2020-06-05,0.48,0.49,0.49,0.48,1386446.0
2020-06-08,0.49,0.48,0.49,0.48,1397506.0
2020-06-09,0.48,0.48,0.49,0.47,897329.0
2020-06-10,0.48,0.48,0.48,0.48,862938.0
2020-06-11,0.48,0.48,0.49,0.48,1002457.0
2020-06-12,0.47,0.48,0.48,0.46,1119165.0
2020-06-15,0.47,0.46,0.47,0.46,1001955.0
2020-06-16,0.47,0.47,0.47,0.47,835161.0
2020-06-17,0.47,0.47,0.47,0.46,689176.0
2020-06-18,0.47,0.48,0.48,0.47,1281237.0
2020-06-19,0.48,0.48,0.49,0.47,1183228.0
2020-06-22,0.49,0.5,0.51,0.49,1732222.0
2020-06-23,0.5,0.5,0.51,0.49,1175405.0
2020-06-24,0.5,0.52,0.52,0.5,1501942.0
2020-06-29,0.51,0.51,0.52,0.5,1317883.0
2020-06-30,0.51,0.51,0.52,0.51,1308332.0
2020-07-01,0.52,0.52,0.53,0.51,1561521.0
2020-07-02,0.52,0.53,0.54,0.52,1379312.0
2020-07-03,0.54,0.54,0.54,0.52,1441405.0
2020-07-06,0.55,0.59,0.59,0.54,2386579.0
2020-07-07,0.63,0.6,0.64,0.59,3257412.0
2020-07-08,0.59,0.61,0.61,0.58,3156254.0
2020-07-09,0.6,0.63,0.64,0.6,2571270.0
2020-07-10,0.62,0.64,0.64,0.61,2521299.0
2020-07-13,0.64,0.66,0.66,0.63,2094914.0
2020-07-14,0.66,0.66,0.68,0.63,2323767.0
2020-07-15,0.66,0.62,0.66,0.62,3097283.0
2020-07-16,0.62,0.57,0.62,0.56,3263825.0
2020-07-17,0.56,0.55,0.57,0.55,2383878.0
2020-07-20,0.56,0.58,0.58,0.55,2090065.0
2020-07-21,0.58,0.57,0.59,0.57,1668846.0
2020-07-22,0.57,0.58,0.59,0.57,1700036.0
2020-07-23,0.57,0.58,0.58,0.56,1607877.0
2020-07-24,0.57,0.54,0.58,0.54,1669246.0
2020-07-27,0.54,0.55,0.56,0.54,1137693.0
2020-07-28,0.55,0.55,0.56,0.54,894741.0
2020-07-29,0.55,0.58,0.58,0.54,1772746.0
2020-07-30,0.58,0.57,0.58,0.57,1327595.0
2020-07-31,0.57,0.59,0.59,0.57,1856053.0
2020-08-03,0.6,0.61,0.61,0.59,1966331.0
2020-08-04,0.62,0.6,0.62,0.59,1844900.0
2020-08-05,0.65,0.61,0.65,0.6,3268224.0
2020-08-06,0.6,0.61,0.62,0.59,2391222.0
2020-08-07,0.61,0.6,0.61,0.58,2277473.0
2020-08-10,0.59,0.59,0.6,0.58,1404425.0
2020-08-11,0.59,0.58,0.6,0.58,1276564.0
2020-08-12,0.58,0.58,0.58,0.56,1680375.0
2020-08-13,0.58,0.57,0.58,0.57,878396.0
2020-08-14,0.57,0.58,0.58,0.57,883591.0
2020-08-17,0.58,0.59,0.59,0.58,1536325.0
2020-08-18,0.59,0.59,0.59,0.58,1075697.0
2020-08-19,0.59,0.57,0.59,0.57,1262982.0
2020-08-20,0.56,0.56,0.57,0.55,859716.0
2020-08-21,0.56,0.55,0.56,0.55,1527646.0
2020-08-24,0.56,0.55,0.56,0.54,1252589.0
2020-08-25,0.55,0.55,0.56,0.55,887463.0
2020-08-26,0.55,0.53,0.55,0.53,1600182.0
2020-08-27,0.53,0.54,0.55,0.52,1637581.0
2020-08-28,0.54,0.55,0.55,0.54,948575.0
2020-08-31,0.55,0.54,0.56,0.54,1217175.0
2020-09-01,0.54,0.54,0.54,0.53,692672.0
2020-09-02,0.54,0.53,0.54,0.53,1163825.0
2020-09-03,0.53,0.53,0.54,0.53,1253323.0
2020-09-04,0.53,0.54,0.55,0.53,2707792.0
2020-09-07,0.55,0.52,0.55,0.52,3240966.0
2020-09-08,0.52,0.51,0.52,0.51,1708530.0
2020-09-09,0.5,0.49,0.5,0.49,2153176.0
2020-09-10,0.49,0.48,0.5,0.48,1411296.0
2020-09-11,0.48,0.49,0.49,0.48,1397895.0
2020-09-14,0.5,0.5,0.5,0.49,1321082.0
2020-09-15,0.5,0.5,0.51,0.49,1452180.0
2020-09-16,0.5,0.5,0.5,0.5,982045.0
2020-09-17,0.5,0.51,0.51,0.49,1698059.0
2020-09-18,0.5,0.51,0.51,0.5,1538811.0
2020-09-21,0.51,0.51,0.52,0.51,1434709.0
2020-09-22,0.51,0.5,0.51,0.5,1159947.0
2020-09-23,0.5,0.51,0.51,0.5,1194586.0
2020-09-24,0.5,0.5,0.51,0.5,984545.0
2020-09-25,0.5,0.5,0.5,0.49,885476.0
2020-09-28,0.49,0.49,0.5,0.49,920638.0
2020-09-29,0.49,0.5,0.5,0.49,1116785.0
2020-09-30,0.5,0.49,0.5,0.49,894709.0
2020-10-09,0.5,0.51,0.51,0.5,1213888.0
2020-10-12,0.51,0.53,0.53,0.51,2149089.0
2020-10-13,0.53,0.53,0.53,0.52,1533334.0
2020-10-14,0.53,0.52,0.53,0.52,1338749.0
2020-10-15,0.52,0.52,0.53,0.52,1017955.0
2020-10-16,0.52,0.52,0.52,0.51,1090421.0
2020-10-19,0.52,0.51,0.52,0.51,1084006.0
2020-10-20,0.51,0.52,0.52,0.51,877156.0
2020-10-21,0.52,0.5,0.52,0.5,1974301.0
2020-10-22,0.5,0.5,0.51,0.49,1002064.0
2020-10-23,0.5,0.49,0.51,0.49,1300633.0
2020-10-26,0.49,0.49,0.49,0.48,917345.0
2020-10-27,0.49,0.49,0.49,0.49,748809.0
2020-10-28,0.49,0.49,0.5,0.49,1083109.0
2020-10-29,0.49,0.49,0.49,0.49,874249.0
2020-10-30,0.49,0.5,0.51,0.49,2851048.0
2020-11-02,0.51,0.51,0.51,0.5,1740773.0
2020-11-03,0.51,0.52,0.53,0.51,2123149.0
2020-11-04,0.52,0.52,0.52,0.52,1293740.0
2020-11-05,0.52,0.52,0.53,0.52,1513790.0
2020-11-06,0.52,0.54,0.54,0.52,2720454.0
2020-11-09,0.55,0.58,0.59,0.55,5450941.0
2020-11-10,0.58,0.56,0.58,0.56,3955891.0
2020-11-11,0.56,0.54,0.56,0.53,4325099.0
2020-11-12,0.54,0.54,0.54,0.53,1932050.0
2020-11-13,0.53,0.54,0.54,0.53,2345030.0
2020-11-16,0.54,0.53,0.54,0.53,1589464.0
2020-11-17,0.53,0.54,0.54,0.52,3744699.0
2020-11-18,0.54,0.54,0.55,0.53,2616202.0
2020-11-19,0.53,0.54,0.55,0.53,2734040.0
2020-11-20,0.54,0.54,0.54,0.53,2002298.0
2020-11-23,0.53,0.54,0.54,0.53,2562262.0
2020-11-24,0.54,0.55,0.55,0.54,3543076.0
2020-11-25,0.54,0.54,0.55,0.54,2630309.0
2020-11-26,0.54,0.54,0.55,0.54,2150841.0
2020-11-27,0.54,0.54,0.54,0.53,1976053.0
2020-11-30,0.54,0.54,0.55,0.53,2969605.0
2020-12-01,0.54,0.54,0.55,0.54,3087271.0
2020-12-02,0.55,0.56,0.56,0.55,4061860.0
2020-12-03,0.56,0.55,0.56,0.55,2779961.0
2020-12-04,0.55,0.55,0.56,0.55,2021192.0
2020-12-07,0.57,0.55,0.57,0.55,3002262.0
2020-12-08,0.55,0.56,0.56,0.55,1398424.0
2020-12-09,0.55,0.54,0.55,0.54,2392960.0
2020-12-10,0.54,0.54,0.54,0.53,1570202.0
2020-12-11,0.54,0.53,0.54,0.52,2501969.0
2020-12-14,0.53,0.53,0.53,0.53,1423604.0
2020-12-15,0.53,0.53,0.54,0.53,1355145.0
2020-12-16,0.53,0.52,0.53,0.52,1624869.0
2020-12-17,0.52,0.52,0.52,0.51,1479369.0
2020-12-18,0.53,0.52,0.53,0.52,1777185.0
2020-12-21,0.51,0.53,0.53,0.51,2133575.0
2020-12-22,0.53,0.51,0.53,0.51,1786911.0
2020-12-23,0.51,0.53,0.53,0.51,2265839.0
2020-12-24,0.53,0.52,0.53,0.52,1481306.0
2020-12-25,0.52,0.51,0.52,0.51,2258694.0
2020-12-28,0.51,0.5,0.51,0.5,1907161.0
2020-12-29,0.5,0.51,0.52,0.5,2343340.0
2020-12-30,0.51,0.51,0.52,0.5,1721530.0
2020-12-31,0.51,0.53,0.53,0.51,2384850.0
2021-01-04,0.53,0.54,0.54,0.52,2460364.0
2021-01-05,0.53,0.55,0.55,0.53,3672847.0
2021-01-06,0.56,0.54,0.56,0.54,3451321.0
2021-01-07,0.54,0.54,0.54,0.53,2821462.0
2021-01-08,0.54,0.54,0.54,0.53,2212231.0
2021-01-11,0.54,0.54,0.56,0.54,3982689.0
2021-01-12,0.54,0.55,0.55,0.54,2761568.0
2021-01-13,0.55,0.56,0.56,0.55,4226782.0
2021-01-14,0.56,0.57,0.58,0.55,4972205.0
2021-01-15,0.57,0.56,0.57,0.55,3223671.0
2021-01-18,0.55,0.58,0.59,0.55,4692969.0
2021-01-19,0.58,0.57,0.58,0.57,3449311.0
2021-01-20,0.57,0.57,0.57,0.56,2337736.0
2021-01-21,0.57,0.57,0.57,0.56,2745417.0
2021-01-22,0.57,0.55,0.57,0.55,4472979.0
2021-01-25,0.54,0.55,0.56,0.54,3264554.0
2021-01-26,0.56,0.55,0.56,0.54,2427330.0
2021-01-27,0.55,0.54,0.55,0.53,2034910.0
2021-01-28,0.53,0.52,0.54,0.52,2260262.0
2021-01-29,0.53,0.51,0.53,0.51,2348490.0
2021-02-01,0.51,0.52,0.52,0.51,1271562.0
2021-02-02,0.52,0.52,0.52,0.51,1400309.0
2021-02-03,0.52,0.5,0.52,0.5,2787056.0
2021-02-04,0.5,0.5,0.51,0.48,3710760.0
2021-02-05,0.51,0.49,0.51,0.49,2345753.0
2021-02-08,0.49,0.5,0.51,0.49,2202080.0
2021-02-09,0.5,0.51,0.51,0.5,1759432.0
2021-02-10,0.51,0.51,0.51,0.5,1471043.0
2021-02-18,0.52,0.52,0.53,0.51,2878626.0
2021-02-19,0.52,0.52,0.52,0.51,2353620.0
2021-02-22,0.52,0.51,0.53,0.51,2056928.0
2021-02-23,0.51,0.51,0.51,0.5,1508179.0
2021-02-24,0.51,0.51,0.52,0.51,3399924.0
2021-02-25,0.52,0.51,0.52,0.51,1784499.0
2021-02-26,0.5,0.49,0.5,0.49,2101008.0
2021-03-01,0.5,0.51,0.51,0.5,2443889.0
2021-03-02,0.52,0.52,0.52,0.51,1994257.0
2021-03-03,0.52,0.52,0.52,0.51,1428185.0
2021-03-04,0.51,0.5,0.52,0.5,2159960.0
2021-03-05,0.5,0.5,0.5,0.5,1651794.0
2021-03-08,0.5,0.48,0.5,0.48,2691257.0
2021-03-09,0.48,0.45,0.48,0.45,2656130.0
2021-03-10,0.46,0.45,0.46,0.45,1308242.0
2021-03-11,0.45,0.46,0.48,0.45,2216232.0
2021-03-12,0.46,0.45,0.46,0.45,1754174.0
2021-03-15,0.45,0.43,0.45,0.43,1918019.0
2021-03-16,0.43,0.43,0.44,0.43,1309077.0
2021-03-17,0.43,0.44,0.44,0.43,2115880.0
2021-03-18,0.44,0.44,0.45,0.44,944920.0
2021-03-19,0.43,0.44,0.44,0.43,1333694.0
2021-03-22,0.44,0.44,0.44,0.44,847324.0
2021-03-23,0.44,0.44,0.45,0.44,1247119.0
2021-03-24,0.44,0.43,0.44,0.43,1185628.0
2021-03-25,0.43,0.43,0.44,0.43,970507.0
2021-03-29,0.44,0.44,0.45,0.44,2162493.0
2021-03-30,0.44,0.44,0.45,0.44,1300696.0
2021-03-31,0.44,0.45,0.45,0.44,1606516.0
2021-04-01,0.45,0.46,0.46,0.45,4525796.0
2021-04-02,0.47,0.49,0.49,0.47,7025814.0
2021-04-06,0.49,0.49,0.49,0.48,2553405.0
2021-04-07,0.48,0.49,0.49,0.48,2173657.0
2021-04-08,0.49,0.49,0.49,0.48,2014195.0
2021-04-09,0.49,0.48,0.49,0.48,1618514.0
2021-04-12,0.48,0.48,0.49,0.47,2762022.0
2021-04-13,0.48,0.48,0.48,0.47,1602158.0
2021-04-14,0.48,0.48,0.48,0.47,1453641.0
2021-04-15,0.48,0.48,0.48,0.47,1518302.0
2021-04-16,0.48,0.48,0.48,0.47,1251795.0
2021-04-19,0.47,0.48,0.48,0.47,2517624.0
2021-04-20,0.48,0.48,0.48,0.48,1743612.0
2021-04-21,0.47,0.48,0.48,0.47,1527008.0
2021-04-22,0.48,0.48,0.49,0.48,2452269.0
2021-04-23,0.48,0.49,0.49,0.48,1900663.0
2021-04-26,0.49,0.49,0.5,0.49,4325116.0
2021-04-27,0.49,0.49,0.49,0.49,1702866.0
2021-04-28,0.49,0.5,0.5,0.48,2339893.0
2021-04-29,0.5,0.5,0.51,0.5,2577596.0
2021-04-30,0.5,0.5,0.51,0.5,2300337.0
2021-05-06,0.5,0.5,0.51,0.5,1654562.0
2021-05-07,0.5,0.48,0.5,0.48,3452760.0
2021-05-10,0.47,0.47,0.48,0.47,2400726.0
2021-05-11,0.46,0.47,0.47,0.46,1900865.0
2021-05-12,0.47,0.48,0.48,0.46,2519476.0
2021-05-13,0.47,0.48,0.49,0.47,2357235.0
2021-05-14,0.48,0.49,0.5,0.48,3592362.0
2021-05-17,0.49,0.49,0.5,0.49,2836337.0
2021-05-18,0.49,0.49,0.49,0.48,1506214.0
2021-05-19,0.49,0.5,0.5,0.49,2241886.0
2021-05-20,0.49,0.49,0.5,0.49,1873196.0
2021-05-21,0.49,0.49,0.5,0.49,1454818.0
2021-05-24,0.49,0.5,0.5,0.48,2506832.0
2021-05-25,0.5,0.51,0.51,0.5,3621815.0
2021-05-26,0.51,0.51,0.51,0.51,2521952.0
2021-05-27,0.51,0.53,0.54,0.51,6300469.0
2021-05-28,0.53,0.53,0.53,0.52,3397635.0
2021-05-31,0.53,0.53,0.54,0.53,2847067.0
2021-06-01,0.53,0.54,0.55,0.53,3694473.0
2021-06-02,0.54,0.54,0.54,0.53,3531595.0
2021-06-03,0.53,0.53,0.54,0.53,2379353.0
2021-06-04,0.53,0.54,0.55,0.53,3736707.0
2021-06-07,0.56,0.56,0.57,0.56,4897574.0
2021-06-08,0.57,0.56,0.57,0.55,3637743.0
2021-06-09,0.56,0.56,0.57,0.55,2473196.0
2021-06-10,0.56,0.57,0.57,0.56,3549628.0
2021-06-11,0.57,0.56,0.57,0.56,3458153.0
2021-06-15,0.56,0.57,0.57,0.56,3696662.0
2021-06-16,0.57,0.55,0.58,0.55,3984157.0
2021-06-17,0.55,0.59,0.6,0.55,7894924.0
2021-06-18,0.6,0.6,0.6,0.58,4689303.0
2021-06-21,0.6,0.6,0.61,0.59,3300508.0
2021-06-22,0.6,0.6,0.61,0.59,3687541.0
2021-06-23,0.6,0.63,0.64,0.6,5502344.0
2021-06-24,0.63,0.62,0.63,0.61,3607158.0
2021-06-25,0.62,0.63,0.63,0.61,3827566.0
2021-06-28,0.63,0.64,0.65,0.63,3521755.0
2021-06-29,0.64,0.64,0.64,0.62,3387408.0
2021-06-30,0.64,0.67,0.68,0.64,6138845.0
2021-07-01,0.67,0.65,0.67,0.65,4283028.0
2021-07-02,0.65,0.64,0.65,0.63,4252752.0
2021-07-05,0.65,0.67,0.67,0.65,5423142.0
2021-07-06,0.67,0.66,0.68,0.64,7059847.0
2021-07-07,0.64,0.67,0.67,0.64,5667295.0
2021-07-08,0.67,0.69,0.7,0.67,5380762.0
2021-07-09,0.69,0.68,0.69,0.67,5865772.0
2021-07-12,0.69,0.69,0.7,0.67,5335126.0
2021-07-13,0.69,0.66,0.69,0.65,10696790.0
2021-07-14,0.65,0.65,0.67,0.65,4873766.0
2021-07-15,0.65,0.66,0.66,0.64,4417692.0
2021-07-16,0.65,0.64,0.67,0.64,4705697.0
2021-07-19,0.63,0.64,0.65,0.63,3520912.0
2021-07-20,0.64,0.66,0.66,0.64,4247231.0
2021-07-21,0.66,0.68,0.69,0.66,7114865.0
2021-07-22,0.69,0.71,0.71,0.68,5726516.0
2021-07-23,0.71,0.71,0.72,0.7,3284850.0
2021-07-26,0.71,0.72,0.73,0.69,5010002.0
2021-07-27,0.72,0.73,0.78,0.72,9406119.0
2021-07-28,0.71,0.71,0.73,0.68,7542051.0
2021-07-29,0.72,0.76,0.76,0.71,7568865.0
2021-07-30,0.76,0.77,0.78,0.75,6050474.0
2021-08-02,0.76,0.75,0.77,0.73,8032914.0
2021-08-03,0.73,0.7,0.74,0.69,9169918.0
2021-08-04,0.7,0.72,0.73,0.69,6964685.0
2021-08-05,0.72,0.73,0.74,0.71,5289446.0
2021-08-06,0.73,0.72,0.74,0.71,4197547.0
2021-08-09,0.7,0.7,0.71,0.68,4930731.0
2021-08-10,0.7,0.69,0.7,0.68,4961478.0
2021-08-11,0.69,0.7,0.7,0.68,4330866.0
2021-08-12,0.69,0.7,0.72,0.69,5260482.0
2021-08-13,0.69,0.67,0.69,0.67,6464692.0
2021-08-16,0.67,0.68,0.7,0.66,5110356.0
2021-08-17,0.68,0.66,0.69,0.65,4988499.0
2021-08-18,0.65,0.66,0.67,0.65,3672631.0
2021-08-19,0.65,0.67,0.68,0.65,5175651.0
2021-08-20,0.67,0.68,0.69,0.67,4489415.0
2021-08-23,0.68,0.69,0.69,0.67,4171230.0
2021-08-24,0.69,0.7,0.71,0.68,4773037.0
2021-08-25,0.71,0.7,0.71,0.69,3162167.0
2021-08-26,0.7,0.68,0.7,0.68,3698316.0
2021-08-27,0.68,0.68,0.69,0.67,2306199.0
2021-08-30,0.69,0.67,0.7,0.67,3792870.0
2021-08-31,0.66,0.65,0.66,0.64,4831634.0
2021-09-01,0.65,0.65,0.65,0.63,3777413.0
2021-09-02,0.64,0.63,0.65,0.63,5075684.0
2021-09-03,0.63,0.63,0.64,0.61,4383100.0
2021-09-06,0.63,0.64,0.64,0.62,4058284.0
2021-09-07,0.64,0.65,0.65,0.64,2970399.0
2021-09-08,0.64,0.64,0.65,0.64,2664516.0
2021-09-09,0.64,0.63,0.64,0.63,2195416.0
2021-09-10,0.63,0.66,0.67,0.63,6262933.0
2021-09-13,0.66,0.64,0.66,0.63,6824675.0
2021-09-14,0.63,0.64,0.65,0.63,4107972.0
2021-09-15,0.64,0.63,0.64,0.62,2743070.0
2021-09-16,0.63,0.61,0.63,0.61,3865352.0
2021-09-17,0.61,0.62,0.62,0.61,2886304.0
2021-09-22,0.61,0.62,0.63,0.61,2792146.0
2021-09-23,0.63,0.64,0.65,0.62,4534300.0
2021-09-24,0.64,0.63,0.64,0.63,2202012.0
2021-09-27,0.64,0.63,0.65,0.62,2954686.0
2021-09-28,0.63,0.63,0.65,0.62,3141971.0
2021-09-29,0.62,0.62,0.63,0.62,3462917.0
2021-09-30,0.62,0.63,0.63,0.62,2176697.0
2021-10-08,0.63,0.62,0.64,0.62,3731608.0
2021-10-11,0.62,0.61,0.62,0.61,3623466.0
2021-10-12,0.61,0.59,0.61,0.59,4834288.0
2021-10-13,0.59,0.6,0.61,0.59,4222143.0
2021-10-14,0.6,0.6,0.61,0.6,1963160.0
2021-10-15,0.6,0.63,0.63,0.6,6104568.0
2021-10-18,0.62,0.62,0.62,0.61,3705702.0
2021-10-19,0.62,0.62,0.62,0.61,2628765.0
2021-10-20,0.62,0.61,0.62,0.61,2851556.0
2021-10-21,0.62,0.6,0.62,0.6,3146519.0
2021-10-22,0.61,0.62,0.63,0.61,6624350.0
2021-10-25,0.63,0.63,0.63,0.62,3498930.0
2021-10-26,0.63,0.63,0.63,0.62,4489869.0
2021-10-27,0.63,0.62,0.63,0.62,4066248.0
2021-10-28,0.62,0.61,0.63,0.61,3695528.0
2021-10-29,0.62,0.63,0.64,0.61,5534114.0
2021-11-01,0.63,0.64,0.64,0.62,4164874.0
2021-11-02,0.64,0.65,0.66,0.64,7845031.0
2021-11-03,0.66,0.65,0.66,0.64,5202789.0
2021-11-04,0.65,0.65,0.66,0.65,4243378.0
2021-11-05,0.66,0.66,0.67,0.65,3893525.0
2021-11-08,0.65,0.64,0.65,0.63,5302733.0
2021-11-09,0.64,0.66,0.66,0.64,5198254.0
2021-11-10,0.65,0.66,0.66,0.65,4870882.0
2021-11-11,0.66,0.68,0.69,0.66,7849300.0
2021-11-12,0.67,0.68,0.68,0.67,4693887.0
2021-11-15,0.68,0.67,0.68,0.67,3904402.0
2021-11-16,0.66,0.66,0.67,0.65,4247995.0
2021-11-17,0.66,0.66,0.66,0.65,3724672.0
2021-11-18,0.66,0.65,0.66,0.65,3245591.0
2021-11-19,0.65,0.66,0.66,0.65,3464797.0
2021-11-22,0.66,0.69,0.69,0.65,11213127.0
2021-11-23,0.69,0.69,0.69,0.68,4114441.0
2021-11-24,0.68,0.68,0.7,0.68,3204920.0
2021-11-25,0.68,0.69,0.7,0.68,3524135.0
2021-11-26,0.69,0.67,0.69,0.67,5850988.0
2021-11-29,0.66,0.68,0.68,0.66,3315268.0
2021-11-30,0.68,0.68,0.69,0.68,4133957.0
2021-12-01,0.68,0.69,0.7,0.68,2970003.0
2021-12-02,0.69,0.69,0.69,0.68,2904906.0
2021-12-03,0.69,0.7,0.71,0.69,5806692.0
2021-12-06,0.7,0.69,0.71,0.69,3605999.0
2021-12-07,0.69,0.67,0.69,0.67,4937897.0
2021-12-08,0.67,0.69,0.69,0.67,4796314.0
2021-12-09,0.68,0.69,0.69,0.68,3230156.0
2021-12-10,0.68,0.68,0.69,0.67,3404788.0
2021-12-13,0.68,0.69,0.69,0.68,3447167.0
2021-12-14,0.68,0.68,0.68,0.68,2682786.0
2021-12-15,0.68,0.67,0.68,0.67,4143289.0
2021-12-16,0.67,0.67,0.68,0.67,2576044.0
2021-12-17,0.67,0.65,0.67,0.65,6847852.0
2021-12-20,0.64,0.64,0.65,0.63,3950163.0
2021-12-21,0.64,0.64,0.64,0.63,2681338.0
2021-12-22,0.64,0.64,0.65,0.64,3261102.0
2021-12-23,0.64,0.65,0.65,0.64,1657373.0
2021-12-24,0.65,0.64,0.65,0.64,1787106.0
2021-12-27,0.64,0.64,0.65,0.64,1590158.0
2021-12-28,0.64,0.65,0.65,0.64,1695451.0
2021-12-29,0.65,0.64,0.65,0.63,2409362.0
2021-12-30,0.64,0.65,0.66,0.64,4804673.0
2021-12-31,0.65,0.65,0.65,0.65,2315494.0
2022-01-04,0.65,0.64,0.65,0.63,2874602.0
2022-01-05,0.64,0.61,0.64,0.61,4576950.0
2022-01-06,0.61,0.61,0.61,0.6,2250896.0
2022-01-07,0.61,0.6,0.62,0.6,2392332.0
2022-01-10,0.6,0.6,0.6,0.59,3115783.0
2022-01-11,0.59,0.58,0.59,0.58,3849646.0
2022-01-12,0.59,0.59,0.59,0.58,3084790.0
2022-01-13,0.59,0.58,0.59,0.58,2821595.0
2022-01-14,0.58,0.59,0.6,0.58,3202001.0
2022-01-17,0.59,0.6,0.61,0.59,3246794.0
2022-01-18,0.6,0.61,0.62,0.6,4278084.0
2022-01-19,0.61,0.6,0.61,0.6,2118354.0
2022-01-20,0.6,0.6,0.61,0.59,2118879.0
2022-01-21,0.59,0.58,0.59,0.58,2771867.0
2022-01-24,0.58,0.59,0.59,0.58,2092964.0
2022-01-25,0.59,0.58,0.6,0.58,2350216.0
2022-01-26,0.58,0.58,0.59,0.58,1858653.0
2022-01-27,0.58,0.56,0.59,0.56,2830977.0
2022-01-28,0.57,0.56,0.57,0.55,2097227.0
2022-02-07,0.56,0.56,0.57,0.56,2290024.0
2022-02-08,0.56,0.54,0.56,0.53,3004497.0
2022-02-09,0.54,0.55,0.55,0.53,2924310.0
2022-02-10,0.55,0.55,0.55,0.54,2723043.0
2022-02-11,0.54,0.54,0.55,0.54,2546522.0
2022-02-14,0.53,0.54,0.54,0.53,2053825.0
2022-02-15,0.54,0.55,0.56,0.54,4132465.0
2022-02-16,0.56,0.55,0.56,0.55,2440872.0
2022-02-17,0.55,0.56,0.56,0.55,3049366.0
2022-02-18,0.55,0.55,0.55,0.55,1964489.0
2022-02-21,0.55,0.55,0.55,0.55,1563380.0
2022-02-22,0.55,0.55,0.55,0.54,3229940.0
2022-02-23,0.55,0.58,0.58,0.55,7879708.0
2022-02-24,0.58,0.58,0.59,0.57,5999854.0
2022-02-25,0.59,0.58,0.59,0.58,4182012.0
2022-02-28,0.58,0.58,0.59,0.58,2521291.0
2022-03-01,0.58,0.58,0.59,0.58,2106821.0
2022-03-02,0.58,0.58,0.58,0.57,3016226.0
2022-03-03,0.58,0.56,0.58,0.56,3793167.0
2022-03-04,0.56,0.57,0.58,0.56,4151441.0
2022-03-07,0.57,0.55,0.57,0.55,4710773.0
2022-03-08,0.55,0.55,0.56,0.54,6144616.0
2022-03-09,0.56,0.56,0.57,0.53,7088873.0
2022-03-10,0.57,0.56,0.57,0.56,7821782.0
2022-03-11,0.55,0.56,0.56,0.54,5189069.0
2022-03-14,0.55,0.54,0.55,0.54,3895033.0
2022-03-15,0.53,0.52,0.55,0.52,5492382.0
2022-03-16,0.53,0.55,0.55,0.52,6595193.0
2022-03-17,0.56,0.56,0.57,0.56,6659438.0
2022-03-18,0.55,0.56,0.56,0.55,3658239.0
2022-03-21,0.56,0.56,0.56,0.55,3343436.0
2022-03-22,0.55,0.55,0.56,0.55,2953236.0
2022-03-23,0.55,0.55,0.55,0.54,2863323.0
2022-03-24,0.54,0.54,0.54,0.53,3727565.0
2022-03-25,0.54,0.53,0.55,0.53,3763336.0
2022-03-28,0.52,0.52,0.53,0.52,3305821.0
2022-03-29,0.53,0.51,0.53,0.51,4037365.0
2022-03-30,0.52,0.52,0.52,0.52,4208467.0
2022-03-31,0.52,0.51,0.52,0.51,3580906.0
2022-04-01,0.51,0.51,0.52,0.5,3581634.0
2022-04-06,0.51,0.49,0.51,0.49,6354162.0
2022-04-07,0.49,0.48,0.5,0.48,4204693.0
2022-04-08,0.49,0.49,0.49,0.48,4311347.0
2022-04-11,0.48,0.46,0.48,0.46,4342022.0
2022-04-12,0.46,0.47,0.47,0.45,3923288.0
2022-04-13,0.46,0.45,0.46,0.45,3464952.0
2022-04-14,0.46,0.46,0.47,0.45,6083242.0
2022-04-15,0.46,0.46,0.47,0.45,4421629.0
2022-04-18,0.46,0.48,0.48,0.46,7098666.0
2022-04-19,0.48,0.47,0.48,0.47,5583013.0
2022-04-20,0.47,0.46,0.47,0.46,3423505.0
2022-04-21,0.46,0.46,0.47,0.45,4209959.0
2022-04-22,0.45,0.44,0.46,0.44,4788708.0
2022-04-25,0.43,0.41,0.44,0.41,5072339.0
2022-04-26,0.41,0.4,0.42,0.4,4288236.0
2022-04-27,0.39,0.43,0.43,0.39,6841846.0
2022-04-28,0.42,0.42,0.43,0.41,4760375.0
2022-04-29,0.43,0.43,0.44,0.42,6042960.0
2022-05-05,0.43,0.44,0.45,0.43,4831129.0
2022-05-06,0.43,0.43,0.43,0.42,2758659.0
2022-05-09,0.42,0.42,0.43,0.42,1988644.0
2022-05-10,0.42,0.44,0.45,0.42,5358231.0
2022-05-11,0.44,0.45,0.46,0.44,7736477.0
2022-05-12,0.45,0.46,0.46,0.45,3533340.0
2022-05-13,0.46,0.46,0.46,0.45,2918603.0
2022-05-16,0.46,0.45,0.46,0.45,2563804.0
2022-05-17,0.45,0.47,0.47,0.45,4792911.0
2022-05-18,0.47,0.47,0.47,0.46,3338789.0
2022-05-19,0.46,0.48,0.48,0.46,4145288.0
2022-05-20,0.48,0.48,0.48,0.47,2750605.0
2022-05-23,0.48,0.48,0.48,0.47,2524095.0
2022-05-24,0.48,0.46,0.49,0.46,4188985.0
2022-05-25,0.46,0.46,0.47,0.46,2373776.0
2022-05-26,0.46,0.46,0.46,0.45,3152452.0
2022-05-27,0.46,0.46,0.47,0.45,2858529.0
2022-05-30,0.46,0.46,0.47,0.45,2893525.0
2022-05-31,0.46,0.47,0.47,0.45,4306141.0
2022-06-01,0.47,0.47,0.48,0.47,2880740.0
2022-06-02,0.47,0.49,0.49,0.47,5154004.0
2022-06-06,0.49,0.51,0.51,0.49,4101922.0
2022-06-07,0.51,0.5,0.51,0.49,4481244.0
2022-06-08,0.49,0.49,0.5,0.49,4127041.0
2022-06-09,0.49,0.48,0.49,0.48,5479101.0
2022-06-10,0.47,0.49,0.49,0.47,4083331.0
2022-06-13,0.48,0.48,0.48,0.47,4519949.0
2022-06-14,0.47,0.47,0.47,0.45,6710321.0
2022-06-15,0.47,0.47,0.48,0.47,6645534.0
2022-06-16,0.47,0.48,0.49,0.47,6088017.0
2022-06-17,0.48,0.48,0.48,0.47,5632765.0
2022-06-20,0.48,0.48,0.49,0.48,6450283.0
2022-06-21,0.48,0.48,0.48,0.47,5993044.0
2022-06-22,0.48,0.46,0.48,0.46,7165650.0
2022-06-23,0.46,0.47,0.48,0.46,5389326.0
2022-06-24,0.48,0.48,0.49,0.47,6972923.0
2022-06-27,0.48,0.49,0.49,0.48,6660867.0
2022-06-28,0.49,0.51,0.51,0.48,10569923.0
2022-06-29,0.5,0.5,0.52,0.5,10398200.0
2022-06-30,0.5,0.51,0.51,0.5,7300187.0
2022-07-01,0.51,0.51,0.51,0.5,6403855.0
2022-07-04,0.5,0.49,0.5,0.48,9873353.0
2022-07-05,0.49,0.49,0.5,0.48,6608454.0
2022-07-06,0.49,0.5,0.51,0.49,11346541.0
2022-07-07,0.5,0.5,0.5,0.49,4786053.0
2022-07-08,0.5,0.5,0.51,0.5,6285193.0
2022-07-11,0.5,0.49,0.5,0.48,5941605.0
2022-07-12,0.48,0.47,0.49,0.47,7493964.0
2022-07-13,0.47,0.46,0.47,0.46,6873017.0
2022-07-14,0.46,0.47,0.47,0.46,5163856.0
2022-07-15,0.47,0.47,0.48,0.46,5459784.0
2022-07-18,0.47,0.47,0.47,0.46,6414968.0
2022-07-19,0.46,0.46,0.47,0.46,5514930.0
2022-07-20,0.47,0.47,0.47,0.47,5306054.0
2022-07-21,0.47,0.48,0.49,0.46,11245177.0
2022-07-22,0.48,0.47,0.48,0.47,5936090.0
2022-07-25,0.47,0.47,0.48,0.46,3664866.0
2022-07-26,0.47,0.47,0.47,0.46,4377785.0
2022-07-27,0.47,0.46,0.47,0.46,4467744.0
2022-07-28,0.47,0.47,0.48,0.47,8352410.0
2022-07-29,0.47,0.46,0.47,0.46,5500415.0
2022-08-01,0.46,0.47,0.47,0.45,5472015.0
2022-08-02,0.46,0.47,0.47,0.46,6657013.0
2022-08-03,0.47,0.48,0.49,0.47,12662577.0
2022-08-04,0.49,0.49,0.5,0.48,8005802.0
2022-08-05,0.49,0.53,0.53,0.49,16469677.0
2022-08-08,0.54,0.53,0.54,0.52,11666316.0
2022-08-09,0.52,0.53,0.53,0.51,14148520.0
2022-08-10,0.52,0.53,0.54,0.52,11946989.0
2022-08-11,0.53,0.53,0.54,0.53,8779022.0
2022-08-12,0.53,0.52,0.54,0.52,6794736.0
2022-08-15,0.52,0.52,0.53,0.52,6005813.0
2022-08-16,0.52,0.51,0.52,0.51,7468763.0
2022-08-17,0.51,0.51,0.51,0.51,7295511.0
2022-08-18,0.51,0.52,0.52,0.51,8985137.0
2022-08-19,0.51,0.5,0.52,0.5,9095567.0
2022-08-22,0.5,0.5,0.51,0.49,5493455.0
2022-08-23,0.5,0.5,0.5,0.5,4519321.0
2022-08-24,0.5,0.47,0.5,0.47,12417478.0
2022-08-25,0.47,0.47,0.48,0.47,6756104.0
2022-08-26,0.47,0.46,0.48,0.46,7056027.0
2022-08-29,0.46,0.46,0.47,0.46,5632030.0
2022-08-30,0.46,0.47,0.47,0.46,5105844.0
2022-08-31,0.46,0.46,0.47,0.46,6352636.0
2022-09-01,0.47,0.46,0.47,0.46,6331882.0
2022-09-02,0.46,0.47,0.47,0.46,7185637.0
2022-09-05,0.46,0.46,0.47,0.45,6610014.0
2022-09-06,0.46,0.47,0.47,0.46,5765983.0
2022-09-07,0.47,0.48,0.48,0.47,10953021.0
2022-09-08,0.47,0.47,0.48,0.47,4937038.0
2022-09-09,0.47,0.47,0.47,0.46,5316193.0
2022-09-13,0.47,0.47,0.48,0.47,4950485.0
2022-09-14,0.46,0.47,0.47,0.46,5937328.0
2022-09-15,0.47,0.46,0.47,0.45,9898798.0
2022-09-16,0.45,0.45,0.46,0.45,7574804.0
2022-09-19,0.45,0.44,0.46,0.44,6015531.0
2022-09-20,0.45,0.44,0.45,0.44,4667706.0
2022-09-21,0.44,0.44,0.44,0.43,5776867.0
2022-09-22,0.43,0.43,0.44,0.43,4362531.0
2022-09-23,0.43,0.42,0.44,0.42,5834888.0
2022-09-26,0.42,0.42,0.43,0.42,4881339.0
2022-09-27,0.42,0.43,0.43,0.42,5784009.0
2022-09-28,0.43,0.42,0.43,0.42,4500271.0
2022-09-29,0.42,0.42,0.43,0.42,4171037.0
2022-09-30,0.42,0.41,0.42,0.41,4791453.0
2022-10-10,0.4,0.38,0.4,0.38,10803824.0
2022-10-11,0.38,0.37,0.38,0.37,6351945.0
2022-10-12,0.37,0.39,0.39,0.37,9310926.0
2022-10-13,0.39,0.39,0.39,0.38,6104628.0
2022-10-14,0.39,0.4,0.4,0.39,8231549.0
2022-10-17,0.39,0.41,0.41,0.39,7855474.0
2022-10-18,0.41,0.4,0.41,0.4,5130714.0
2022-10-19,0.4,0.4,0.41,0.4,4527903.0
2022-10-20,0.4,0.42,0.42,0.4,13091104.0
2022-10-21,0.42,0.41,0.42,0.41,9607826.0
2022-10-24,0.41,0.41,0.43,0.41,8390741.0
2022-10-25,0.41,0.41,0.42,0.41,6074231.0
2022-10-26,0.41,0.42,0.42,0.41,7881490.0
2022-10-27,0.42,0.42,0.43,0.42,7290746.0
2022-10-28,0.42,0.42,0.43,0.42,9121836.0
2022-10-31,0.41,0.43,0.43,0.41,7893927.0
2022-11-01,0.43,0.43,0.43,0.42,7638672.0
2022-11-02,0.43,0.43,0.44,0.43,7455827.0
2022-11-03,0.43,0.45,0.45,0.43,10171436.0
2022-11-04,0.44,0.45,0.45,0.44,8482230.0
2022-11-07,0.45,0.44,0.45,0.44,6842344.0
2022-11-08,0.44,0.44,0.44,0.43,5250950.0
2022-11-09,0.44,0.43,0.44,0.43,4709766.0
2022-11-10,0.43,0.42,0.44,0.42,8037444.0
2022-11-11,0.44,0.43,0.44,0.43,9287829.0
2022-11-14,0.43,0.43,0.44,0.42,7001391.0
2022-11-15,0.43,0.46,0.46,0.43,17041198.0
2022-11-16,0.46,0.45,0.46,0.45,8763734.0
2022-11-17,0.45,0.46,0.46,0.44,12882624.0
2022-11-18,0.46,0.45,0.47,0.45,10389262.0
2022-11-21,0.45,0.45,0.45,0.44,6322021.0
2022-11-22,0.45,0.44,0.45,0.44,6620979.0
2022-11-23,0.44,0.44,0.45,0.43,8371839.0
2022-11-24,0.44,0.44,0.44,0.43,5314993.0
2022-11-25,0.43,0.43,0.44,0.43,6645900.0
2022-11-28,0.42,0.43,0.43,0.42,5890928.0
2022-11-29,0.43,0.43,0.44,0.42,8361251.0
2022-11-30,0.43,0.43,0.44,0.43,6663945.0
2022-12-01,0.44,0.44,0.44,0.44,9031320.0
2022-12-02,0.44,0.43,0.44,0.43,6343809.0
2022-12-05,0.44,0.44,0.44,0.43,7869159.0
2022-12-06,0.44,0.45,0.45,0.44,13382745.0
2022-12-07,0.44,0.44,0.44,0.44,8554006.0
2022-12-08,0.44,0.43,0.44,0.43,7269855.0
2022-12-09,0.43,0.44,0.44,0.43,9830392.0
2022-12-12,0.44,0.45,0.45,0.44,11893374.0
2022-12-13,0.44,0.44,0.45,0.44,7192623.0
2022-12-14,0.45,0.44,0.46,0.44,16200247.0
2022-12-15,0.44,0.45,0.45,0.43,11913725.0
2022-12-16,0.44,0.44,0.45,0.44,11609356.0
2022-12-19,0.44,0.43,0.44,0.42,8280539.0
2022-12-20,0.42,0.43,0.43,0.42,6402465.0
2022-12-21,0.43,0.42,0.43,0.42,6619511.0
2022-12-22,0.42,0.41,0.42,0.41,6513048.0
2022-12-23,0.41,0.4,0.41,0.4,8308060.0
2022-12-26,0.4,0.42,0.42,0.4,8146229.0
2022-12-27,0.42,0.42,0.42,0.41,6308458.0
2022-12-28,0.42,0.42,0.42,0.42,4344327.0
2022-12-29,0.41,0.41,0.42,0.41,4498209.0
2022-12-30,0.42,0.41,0.42,0.41,4808232.0
2023-01-03,0.41,0.42,0.42,0.41,6088794.0
2023-01-04,0.42,0.42,0.42,0.41,7913176.0
2023-01-05,0.41,0.42,0.42,0.41,8209516.0
2023-01-06,0.42,0.42,0.42,0.41,9665575.0
2023-01-09,0.42,0.42,0.43,0.42,9709452.0
2023-01-10,0.42,0.42,0.43,0.42,10675337.0
2023-01-11,0.42,0.42,0.43,0.42,10181178.0
2023-01-12,0.42,0.42,0.42,0.42,6657078.0
2023-01-13,0.42,0.42,0.42,0.41,7494279.0
2023-01-16,0.41,0.43,0.43,0.41,15689287.0
2023-01-17,0.43,0.44,0.44,0.43,14473556.0
2023-01-18,0.44,0.44,0.44,0.44,5683714.0
2023-01-19,0.44,0.45,0.45,0.44,10630907.0
2023-01-20,0.45,0.45,0.45,0.45,9798275.0
2023-01-30,0.46,0.45,0.46,0.45,13129855.0
2023-01-31,0.45,0.44,0.45,0.44,12826624.0
2023-02-01,0.44,0.45,0.45,0.44,10857642.0
2023-02-02,0.45,0.45,0.46,0.45,14618028.0
2023-02-03,0.45,0.45,0.46,0.45,11698384.0
2023-02-06,0.45,0.45,0.46,0.45,8289009.0
2023-02-07,0.45,0.45,0.45,0.44,6502026.0
2023-02-08,0.45,0.44,0.45,0.44,9266915.0
2023-02-09,0.44,0.46,0.46,0.44,18622658.0
2023-02-10,0.46,0.46,0.46,0.45,13989336.0
2023-02-13,0.45,0.46,0.46,0.45,12185462.0
2023-02-14,0.46,0.46,0.47,0.46,11544435.0
2023-02-15,0.46,0.46,0.46,0.45,11927476.0
2023-02-16,0.46,0.45,0.47,0.45,15886427.0
2023-02-17,0.45,0.44,0.45,0.44,18202476.0
2023-02-20,0.43,0.44,0.44,0.43,12953644.0
2023-02-21,0.44,0.44,0.44,0.44,11101475.0
2023-02-22,0.44,0.44,0.44,0.43,8902451.0
2023-02-23,0.44,0.44,0.44,0.43,8659195.0
2023-02-24,0.44,0.44,0.44,0.43,10923401.0
2023-02-27,0.43,0.43,0.44,0.43,10444470.0
2023-02-28,0.43,0.43,0.43,0.43,8110345.0
2023-03-01,0.43,0.44,0.44,0.43,11197572.0
2023-03-02,0.44,0.43,0.44,0.43,9679211.0
2023-03-03,0.44,0.44,0.44,0.44,18613296.0
2023-03-06,0.44,0.45,0.45,0.44,11800767.0
2023-03-07,0.44,0.43,0.45,0.43,15254292.0
2023-03-08,0.43,0.44,0.44,0.43,10915734.0
2023-03-09,0.44,0.44,0.45,0.44,13845928.0
2023-03-10,0.44,0.44,0.45,0.44,12299376.0
2023-03-13,0.44,0.44,0.44,0.43,10442418.0
2023-03-14,0.44,0.45,0.46,0.43,23261983.0
2023-03-15,0.45,0.45,0.46,0.45,18554088.0
2023-03-16,0.45,0.45,0.46,0.45,14688177.0
2023-03-17,0.46,0.46,0.46,0.45,17992676.0
2023-03-20,0.46,0.47,0.47,0.46,19657972.0
2023-03-21,0.47,0.47,0.47,0.46,13284612.0
2023-03-22,0.47,0.47,0.47,0.46,12097171.0
2023-03-23,0.47,0.49,0.49,0.47,24897150.0
2023-03-24,0.49,0.49,0.49,0.48,15566639.0
2023-03-27,0.48,0.48,0.49,0.47,14901480.0
2023-03-28,0.48,0.47,0.48,0.46,17007919.0
2023-03-29,0.46,0.48,0.49,0.46,21332569.0
2023-03-30,0.48,0.48,0.49,0.48,16152214.0
2023-03-31,0.48,0.49,0.49,0.48,11839642.0
2023-04-03,0.5,0.51,0.51,0.5,23355846.0
2023-04-04,0.51,0.52,0.53,0.51,23862010.0
2023-04-06,0.52,0.54,0.56,0.52,26790973.0
2023-04-07,0.55,0.55,0.56,0.54,14955600.0
2023-04-10,0.55,0.53,0.56,0.53,20315854.0
2023-04-11,0.53,0.53,0.54,0.52,17855516.0
2023-04-12,0.53,0.54,0.54,0.52,15686247.0
2023-04-13,0.53,0.52,0.54,0.52,17584082.0
2023-04-14,0.52,0.54,0.54,0.51,23394745.0
2023-04-17,0.54,0.54,0.55,0.53,15550038.0
2023-04-18,0.54,0.52,0.54,0.52,21317481.0
2023-04-19,0.53,0.53,0.54,0.52,20622830.0
2023-04-20,0.52,0.54,0.54,0.52,22241635.0
2023-04-21,0.54,0.51,0.54,0.51,31042797.0
2023-04-24,0.51,0.5,0.51,0.49,22362761.0
2023-04-25,0.5,0.49,0.5,0.48,20821962.0
2023-04-26,0.48,0.47,0.49,0.47,26484116.0
2023-04-27,0.47,0.47,0.48,0.47,22879626.0
2023-04-28,0.47,0.48,0.48,0.47,25671864.0
2023-05-04,0.48,0.47,0.48,0.47,19132063.0
2023-05-05,0.47,0.46,0.47,0.46,18446353.0
2023-05-08,0.46,0.46,0.47,0.46,18871501.0
2023-05-09,0.46,0.45,0.46,0.45,27796490.0
2023-05-10,0.45,0.45,0.45,0.44,21833350.0
2023-05-11,0.45,0.45,0.45,0.45,14880340.0
2023-05-12,0.45,0.44,0.46,0.44,20530778.0
2023-05-15,0.44,0.45,0.45,0.44,18241124.0
2023-05-16,0.45,0.45,0.45,0.44,20129675.0
2023-05-17,0.45,0.45,0.46,0.45,18491465.0
2023-05-18,0.45,0.46,0.46,0.45,16160930.0
2023-05-19,0.46,0.47,0.47,0.46,27110858.0
2023-05-22,0.47,0.46,0.47,0.46,16779670.0
2023-05-23,0.46,0.45,0.46,0.45,15784903.0
2023-05-24,0.45,0.45,0.46,0.45,18219256.0
2023-05-25,0.45,0.46,0.46,0.45,18733370.0
2023-05-26,0.46,0.46,0.47,0.46,22434956.0
2023-05-29,0.47,0.47,0.47,0.46,21328827.0
2023-05-30,0.47,0.47,0.47,0.46,19592862.0
2023-05-31,0.47,0.47,0.47,0.47,18203736.0
2023-06-01,0.47,0.47,0.48,0.47,18029649.0
2023-06-02,0.47,0.47,0.48,0.47,16028928.0
2023-06-05,0.47,0.47,0.48,0.47,18298757.0
2023-06-06,0.47,0.46,0.47,0.46,18402925.0
2023-06-07,0.46,0.46,0.46,0.46,12511887.0
2023-06-08,0.46,0.45,0.46,0.45,14719034.0
2023-06-09,0.45,0.46,0.46,0.45,15417079.0
2023-06-12,0.45,0.46,0.46,0.45,12543967.0
2023-06-13,0.46,0.47,0.47,0.46,23729024.0
2023-06-14,0.47,0.47,0.47,0.47,13241656.0
2023-06-15,0.47,0.47,0.47,0.46,18223797.0
2023-06-16,0.47,0.47,0.47,0.46,17405490.0
2023-06-19,0.47,0.47,0.48,0.47,17291524.0
2023-06-20,0.47,0.47,0.47,0.47,15131426.0
2023-06-21,0.47,0.45,0.47,0.45,21050249.0
2023-06-26,0.45,0.45,0.45,0.44,18261118.0
2023-06-27,0.45,0.45,0.45,0.44,14557114.0
2023-06-28,0.45,0.44,0.45,0.44,17057838.0
2023-06-29,0.44,0.44,0.45,0.44,12083006.0
2023-06-30,0.44,0.45,0.45,0.44,12620340.0
2023-07-03,0.45,0.45,0.45,0.45,12642605.0
2023-07-04,0.45,0.46,0.46,0.45,21998868.0
2023-07-05,0.46,0.46,0.46,0.45,13710765.0
2023-07-06,0.45,0.46,0.46,0.45,11080520.0
2023-07-07,0.45,0.45,0.45,0.45,13476715.0
2023-07-10,0.45,0.45,0.45,0.45,10379995.0
2023-07-11,0.45,0.46,0.46,0.45,19374971.0
2023-07-12,0.46,0.45,0.46,0.45,19321930.0
2023-07-13,0.45,0.46,0.46,0.45,16565061.0
2023-07-14,0.46,0.46,0.47,0.46,13842176.0
2023-07-17,0.46,0.46,0.46,0.45,12561403.0
2023-07-18,0.46,0.46,0.46,0.46,14944166.0
2023-07-19,0.46,0.45,0.46,0.45,16595942.0
2023-07-20,0.45,0.44,0.45,0.44,17683461.0
2023-07-21,0.44,0.44,0.45,0.44,13176445.0
2023-07-24,0.44,0.44,0.44,0.44,12238590.0
2023-07-25,0.44,0.45,0.45,0.44,15362042.0
2023-07-26,0.44,0.44,0.45,0.44,11113012.0
2023-07-27,0.44,0.44,0.44,0.44,18987166.0
2023-07-28,0.44,0.44,0.44,0.43,18881891.0
2023-07-31,0.44,0.44,0.45,0.44,18287340.0
2023-08-01,0.44,0.44,0.45,0.44,12723402.0
2023-08-02,0.44,0.44,0.45,0.44,13623551.0
2023-08-03,0.44,0.45,0.45,0.44,11537311.0
2023-08-04,0.45,0.44,0.45,0.44,18902130.0
2023-08-07,0.44,0.44,0.44,0.44,10241394.0
2023-08-08,0.44,0.44,0.44,0.44,11246793.0
2023-08-09,0.44,0.43,0.44,0.43,13449570.0
2023-08-10,0.43,0.44,0.44,0.43,9788439.0
2023-08-11,0.44,0.43,0.44,0.43,16392681.0
2023-08-14,0.42,0.42,0.42,0.42,13729191.0
2023-08-15,0.42,0.41,0.42,0.41,18117396.0
2023-08-16,0.41,0.4,0.41,0.4,19356122.0
2023-08-17,0.4,0.41,0.41,0.4,13517431.0
2023-08-18,0.41,0.4,0.41,0.4,11294540.0
2023-08-21,0.4,0.4,0.4,0.4,12297864.0
2023-08-22,0.4,0.4,0.4,0.39,16410930.0
2023-08-23,0.4,0.39,0.4,0.39,12764379.0
2023-08-24,0.39,0.4,0.4,0.39,15648714.0
2023-08-25,0.4,0.39,0.4,0.39,15429546.0
2023-08-28,0.41,0.39,0.41,0.39,18019641.0
2023-08-29,0.39,0.41,0.41,0.39,22845734.0
2023-08-30,0.41,0.42,0.42,0.41,31361867.0
2023-08-31,0.42,0.42,0.42,0.41,18298680.0
2023-09-01,0.42,0.42,0.43,0.42,12997990.0
2023-09-04,0.42,0.43,0.43,0.42,14783663.0
2023-09-05,0.43,0.42,0.43,0.42,20318619.0
2023-09-06,0.42,0.44,0.44,0.42,24588943.0
2023-09-07,0.43,0.42,0.43,0.42,21442587.0
2023-09-08,0.42,0.42,0.43,0.42,16386812.0
2023-09-11,0.42,0.42,0.43,0.42,13197795.0
2023-09-12,0.42,0.42,0.43,0.42,10352104.0
2023-09-13,0.42,0.42,0.42,0.41,17138653.0
2023-09-14,0.41,0.41,0.42,0.41,14111302.0
2023-09-15,0.41,0.41,0.42,0.41,17499321.0
2023-09-18,0.41,0.41,0.41,0.41,12741748.0
2023-09-19,0.41,0.41,0.41,0.4,14087732.0
2023-09-20,0.4,0.4,0.41,0.4,9783785.0
2023-09-21,0.4,0.4,0.4,0.4,9455896.0
2023-09-22,0.4,0.41,0.41,0.4,13613793.0
2023-09-25,0.41,0.4,0.41,0.4,9161054.0
2023-09-26,0.4,0.4,0.4,0.4,9595226.0
2023-09-27,0.4,0.4,0.4,0.4,9897047.0
2023-09-28,0.4,0.41,0.41,0.4,12384206.0
2023-10-09,0.4,0.41,0.41,0.4,10945662.0
2023-10-10,0.41,0.41,0.41,0.41,13558245.0
2023-10-11,0.41,0.42,0.42,0.41,15916681.0
2023-10-12,0.42,0.42,0.42,0.41,12071855.0
2023-10-13,0.42,0.42,0.42,0.42,10525041.0
2023-10-16,0.42,0.41,0.42,0.41,13099665.0
2023-10-17,0.41,0.41,0.41,0.41,10531728.0
2023-10-18,0.41,0.41,0.42,0.41,11646190.0
2023-10-19,0.4,0.41,0.42,0.4,17612530.0
2023-10-20,0.41,0.4,0.41,0.4,13062946.0
2023-10-23,0.4,0.39,0.4,0.39,13047508.0
2023-10-24,0.4,0.4,0.4,0.39,15167258.0
2023-10-25,0.4,0.4,0.4,0.4,11435564.0
2023-10-26,0.4,0.4,0.4,0.4,11097495.0
2023-10-27,0.4,0.41,0.41,0.4,15656114.0
2023-10-30,0.41,0.43,0.43,0.41,26472938.0
2023-10-31,0.43,0.43,0.43,0.42,12024630.0
2023-11-01,0.43,0.42,0.43,0.42,9751639.0
2023-11-02,0.43,0.42,0.43,0.42,11190920.0
2023-11-03,0.42,0.43,0.43,0.42,16104627.0
2023-11-06,0.43,0.44,0.44,0.43,16702234.0
2023-11-07,0.44,0.44,0.44,0.44,11191701.0
2023-11-08,0.44,0.44,0.45,0.44,16551765.0
2023-11-09,0.44,0.44,0.44,0.44,11463425.0
2023-11-10,0.43,0.43,0.44,0.43,12475480.0
2023-11-13,0.44,0.44,0.44,0.43,11918399.0
2023-11-14,0.44,0.44,0.44,0.43,13111490.0
2023-11-15,0.44,0.44,0.45,0.44,11873550.0
2023-11-16,0.44,0.43,0.44,0.43,11506479.0
2023-11-17,0.43,0.43,0.44,0.43,9204120.0
2023-11-20,0.44,0.43,0.44,0.43,11749183.0
2023-11-21,0.43,0.43,0.43,0.43,12238818.0
2023-11-22,0.43,0.42,0.43,0.42,11242793.0
2023-11-23,0.42,0.42,0.42,0.42,11199669.0
2023-11-24,0.42,0.42,0.42,0.42,10884775.0
2023-11-27,0.42,0.42,0.42,0.41,12358491.0
2023-11-28,0.42,0.42,0.43,0.42,8371719.0
2023-11-29,0.42,0.42,0.43,0.42,11540487.0
2023-11-30,0.42,0.42,0.42,0.42,8912560.0
2023-12-01,0.42,0.42,0.42,0.42,9368502.0
2023-12-04,0.42,0.42,0.43,0.42,7388287.0
2023-12-05,0.42,0.41,0.42,0.41,11455020.0
2023-12-06,0.41,0.41,0.41,0.41,8393270.0
2023-12-07,0.41,0.4,0.41,0.4,9247103.0
2023-12-08,0.4,0.41,0.41,0.4,9959165.0
2023-12-11,0.41,0.42,0.42,0.4,11572032.0
2023-12-12,0.42,0.42,0.42,0.41,8110517.0
2023-12-13,0.41,0.41,0.42,0.41,7143537.0
2023-12-14,0.41,0.41,0.42,0.41,8215454.0
2023-12-15,0.41,0.41,0.41,0.41,9354250.0
2023-12-18,0.41,0.4,0.41,0.4,9901728.0
2023-12-19,0.4,0.4,0.41,0.4,9472464.0
2023-12-20,0.41,0.4,0.41,0.4,7724557.0
2023-12-21,0.4,0.4,0.41,0.4,10224880.0
2023-12-22,0.4,0.4,0.4,0.4,10782345.0
2023-12-25,0.4,0.4,0.4,0.39,6641149.0
2023-12-26,0.39,0.39,0.4,0.38,12392403.0
2023-12-27,0.39,0.39,0.39,0.39,11644223.0
2023-12-28,0.39,0.4,0.4,0.39,12136549.0
2023-12-29,0.4,0.4,0.4,0.4,9950921.0
2024-01-02,0.4,0.4,0.4,0.39,9583771.0
2024-01-03,0.39,0.39,0.4,0.39,13507902.0
2024-01-04,0.39,0.38,0.39,0.38,12128476.0
2024-01-05,0.38,0.37,0.38,0.37,12511926.0
2024-01-08,0.37,0.36,0.37,0.36,14075485.0
2024-01-09,0.36,0.36,0.37,0.36,12296543.0
2024-01-10,0.36,0.36,0.36,0.35,11607923.0
2024-01-11,0.36,0.36,0.37,0.36,12667145.0
2024-01-12,0.36,0.36,0.36,0.36,10281605.0
2024-01-15,0.35,0.36,0.36,0.35,12844930.0
2024-01-16,0.36,0.36,0.36,0.35,11570212.0
2024-01-17,0.36,0.35,0.36,0.35,11255060.0
2024-01-18,0.35,0.36,0.36,0.34,16994541.0
2024-01-19,0.36,0.35,0.36,0.35,10323039.0
2024-01-22,0.35,0.34,0.35,0.34,12402774.0
2024-01-23,0.34,0.34,0.34,0.33,16427765.0
2024-01-24,0.34,0.34,0.35,0.33,17082419.0
2024-01-25,0.34,0.35,0.35,0.34,16758957.0
2024-01-26,0.35,0.34,0.35,0.34,16660058.0
2024-01-29,0.34,0.33,0.34,0.33,13543241.0
2024-01-30,0.33,0.31,0.33,0.31,15521636.0
2024-01-31,0.31,0.31,0.32,0.3,15075218.0
2024-02-01,0.3,0.31,0.32,0.3,16248186.0
2024-02-02,0.31,0.3,0.31,0.29,19782358.0
2024-02-05,0.29,0.29,0.3,0.27,20290089.0
2024-02-06,0.29,0.31,0.31,0.28,18179379.0
2024-02-07,0.31,0.32,0.32,0.31,13476430.0
2024-02-08,0.32,0.33,0.34,0.32,13787427.0
2024-02-19,0.34,0.34,0.34,0.33,11301692.0
2024-02-20,0.34,0.33,0.34,0.33,8746171.0
2024-02-21,0.33,0.34,0.34,0.33,12326718.0
2024-02-22,0.34,0.34,0.34,0.34,9345339.0
2024-02-23,0.34,0.34,0.35,0.34,8402346.0
2024-02-26,0.34,0.35,0.35,0.34,8829614.0
2024-02-27,0.34,0.36,0.36,0.34,14846916.0
2024-02-28,0.36,0.34,0.37,0.34,17250421.0
2024-02-29,0.34,0.37,0.37,0.34,22655958.0
2024-03-01,0.37,0.37,0.37,0.37,16028405.0
2024-03-04,0.37,0.37,0.38,0.37,12398327.0
2024-03-05,0.37,0.37,0.38,0.37,10117350.0
2024-03-06,0.37,0.37,0.37,0.36,10411703.0
2024-03-07,0.37,0.36,0.37,0.36,11930060.0
2024-03-08,0.36,0.37,0.37,0.36,12283009.0
2024-03-11,0.37,0.37,0.37,0.36,9666503.0
2024-03-12,0.37,0.38,0.38,0.37,10596084.0
2024-03-13,0.38,0.38,0.38,0.37,10070913.0
2024-03-14,0.37,0.37,0.37,0.36,10307123.0
2024-03-15,0.37,0.37,0.37,0.36,8146025.0
2024-03-18,0.37,0.38,0.38,0.37,12214230.0
2024-03-19,0.38,0.38,0.38,0.38,7985273.0
2024-03-20,0.38,0.38,0.38,0.37,7361657.0
2024-03-21,0.38,0.38,0.38,0.38,10236761.0
2024-03-22,0.38,0.37,0.38,0.37,11271328.0
2024-03-25,0.37,0.36,0.37,0.36,10377137.0
2024-03-26,0.36,0.36,0.37,0.36,12965131.0
2024-03-27,0.36,0.35,0.36,0.35,12431876.0
2024-03-28,0.35,0.35,0.36,0.34,12224056.0
2024-03-29,0.35,0.35,0.35,0.34,8523714.0
2024-04-01,0.35,0.36,0.36,0.35,8564157.0
2024-04-02,0.36,0.35,0.36,0.35,8230022.0
2024-04-03,0.35,0.35,0.35,0.35,9823913.0
2024-04-08,0.35,0.34,0.35,0.34,9137311.0
2024-04-09,0.34,0.34,0.34,0.34,7726489.0
2024-04-10,0.34,0.33,0.34,0.33,9346512.0
2024-04-11,0.33,0.33,0.34,0.33,9365374.0
2024-04-12,0.33,0.33,0.34,0.33,9810815.0
2024-04-15,0.33,0.34,0.34,0.33,11885108.0
2024-04-16,0.34,0.33,0.34,0.33,10708822.0
2024-04-17,0.33,0.34,0.34,0.33,14187680.0
2024-04-18,0.34,0.34,0.34,0.33,9630393.0
2024-04-19,0.33,0.33,0.33,0.33,12568883.0
2024-04-22,0.32,0.33,0.33,0.32,9300235.0
2024-04-23,0.33,0.33,0.33,0.33,7686842.0
2024-04-24,0.33,0.33,0.34,0.33,9823677.0
2024-04-25,0.33,0.34,0.34,0.33,8607610.0
2024-04-26,0.34,0.34,0.35,0.33,11479631.0
2024-04-29,0.35,0.36,0.36,0.35,12610217.0
2024-04-30,0.36,0.35,0.36,0.35,8811233.0
2024-05-06,0.36,0.36,0.36,0.35,10832186.0
2024-05-07,0.36,0.35,0.36,0.35,8467188.0
2024-05-08,0.35,0.35,0.35,0.35,8324726.0
2024-05-09,0.35,0.36,0.36,0.35,10131067.0
2024-05-10,0.36,0.35,0.36,0.35,14202338.0
2024-05-13,0.34,0.34,0.35,0.34,9610943.0
2024-05-14,0.35,0.34,0.35,0.34,7917228.0
2024-05-15,0.34,0.34,0.35,0.34,8800751.0
2024-05-16,0.34,0.34,0.34,0.34,9282556.0
2024-05-17,0.34,0.34,0.34,0.34,10043831.0
2024-05-20,0.34,0.35,0.35,0.34,10142511.0
2024-05-21,0.34,0.34,0.35,0.34,6860855.0
2024-05-22,0.34,0.34,0.34,0.34,9626390.0
2024-05-23,0.34,0.34,0.35,0.34,10672229.0
2024-05-24,0.34,0.33,0.34,0.33,10432665.0
2024-05-27,0.33,0.34,0.34,0.32,18784441.0
2024-05-28,0.34,0.34,0.35,0.34,22669688.0
2024-05-29,0.34,0.34,0.34,0.34,11486268.0
2024-05-30,0.34,0.35,0.35,0.34,20335186.0
2024-05-31,0.35,0.35,0.35,0.34,12718082.0
2024-06-03,0.35,0.35,0.36,0.35,22515642.0
2024-06-04,0.35,0.35,0.35,0.35,17045411.0
2024-06-05,0.35,0.35,0.36,0.35,17914685.0
2024-06-06,0.36,0.35,0.36,0.35,21251410.0
2024-06-07,0.35,0.35,0.36,0.35,18352845.0
2024-06-11,0.35,0.37,0.37,0.35,27410766.0
2024-06-12,0.37,0.36,0.37,0.36,17100997.0
2024-06-13,0.37,0.37,0.37,0.37,17731042.0
2024-06-14,0.37,0.37,0.37,0.36,13941874.0
2024-06-17,0.36,0.37,0.38,0.36,15337997.0
2024-06-18,0.37,0.37,0.38,0.37,13739765.0
2024-06-19,0.38,0.37,0.38,0.37,15213896.0
2024-06-20,0.37,0.38,0.38,0.37,21547077.0
2024-06-21,0.37,0.38,0.38,0.37,16616725.0
2024-06-24,0.37,0.37,0.38,0.36,17102673.0
2024-06-25,0.36,0.35,0.37,0.35,20885655.0
2024-06-26,0.35,0.36,0.36,0.35,17774802.0
2024-06-27,0.36,0.35,0.36,0.35,12977647.0
2024-06-28,0.35,0.36,0.36,0.35,12052983.0
2024-07-01,0.35,0.35,0.36,0.35,14540253.0
2024-07-02,0.35,0.35,0.35,0.35,11414726.0
2024-07-03,0.35,0.35,0.36,0.34,15014323.0
2024-07-04,0.35,0.35,0.35,0.34,11150071.0
2024-07-05,0.34,0.35,0.35,0.34,13911622.0
2024-07-08,0.35,0.34,0.35,0.34,13120963.0
2024-07-09,0.34,0.36,0.36,0.34,22111327.0
2024-07-10,0.36,0.36,0.36,0.36,13314142.0
2024-07-11,0.37,0.36,0.37,0.36,22101609.0
2024-07-12,0.36,0.36,0.37,0.36,15026272.0
2024-07-15,0.37,0.37,0.37,0.36,12926277.0
2024-07-16,0.36,0.38,0.38,0.36,19872959.0
2024-07-17,0.38,0.37,0.38,0.37,12889705.0
2024-07-18,0.37,0.37,0.38,0.36,20298293.0
2024-07-19,0.37,0.38,0.39,0.37,22537379.0
2024-07-22,0.38,0.39,0.39,0.38,14038911.0
2024-07-23,0.39,0.37,0.39,0.37,20191914.0
2024-07-24,0.37,0.36,0.37,0.36,16298008.0
2024-07-25,0.36,0.36,0.36,0.36,15937925.0
2024-07-26,0.36,0.36,0.36,0.35,15893208.0
2024-07-29,0.36,0.36,0.36,0.35,12677241.0
2024-07-30,0.35,0.36,0.36,0.35,14174172.0
2024-07-31,0.36,0.37,0.37,0.36,19063238.0
2024-08-01,0.37,0.38,0.38,0.37,17623044.0
2024-08-02,0.37,0.36,0.38,0.36,17583052.0
2024-08-05,0.36,0.35,0.37,0.35,23573463.0
2024-08-06,0.35,0.35,0.36,0.35,16732581.0
2024-08-07,0.35,0.35,0.35,0.35,12748653.0
2024-08-08,0.34,0.35,0.35,0.34,16557007.0
2024-08-09,0.35,0.35,0.36,0.35,13190571.0
2024-08-12,0.35,0.35,0.35,0.34,10078248.0
2024-08-13,0.35,0.35,0.35,0.34,10483799.0
2024-08-14,0.35,0.34,0.35,0.34,9983799.0
2024-08-15,0.34,0.35,0.35,0.34,13804445.0
2024-08-16,0.35,0.35,0.35,0.34,11009152.0
2024-08-19,0.34,0.34,0.35,0.34,10495044.0
2024-08-20,0.35,0.34,0.35,0.34,12520670.0
2024-08-21,0.34,0.34,0.34,0.34,10691598.0
2024-08-22,0.34,0.33,0.34,0.33,10561943.0
2024-08-23,0.33,0.33,0.33,0.33,9668941.0
2024-08-26,0.33,0.33,0.33,0.33,7241135.0
2024-08-27,0.33,0.32,0.33,0.32,9766792.0
2024-08-28,0.32,0.32,0.33,0.32,7712736.0
2024-08-29,0.32,0.33,0.33,0.32,12477036.0
2024-08-30,0.33,0.34,0.34,0.33,19703770.0
2024-09-02,0.34,0.33,0.34,0.33,13606756.0
2024-09-03,0.33,0.33,0.33,0.33,8393301.0
2024-09-04,0.33,0.33,0.33,0.32,8541699.0
2024-09-05,0.33,0.33,0.33,0.33,8657418.0
2024-09-06,0.33,0.32,0.33,0.32,9406224.0
2024-09-09,0.32,0.32,0.32,0.32,8325715.0
2024-09-10,0.32,0.32,0.32,0.32,11869201.0
2024-09-11,0.32,0.32,0.32,0.32,7030134.0
2024-09-12,0.32,0.32,0.33,0.32,9504242.0
2024-09-13,0.32,0.31,0.32,0.31,10282691.0
2024-09-18,0.32,0.31,0.32,0.31,8216768.0
2024-09-19,0.31,0.31,0.32,0.31,13587898.0
2024-09-20,0.32,0.31,0.32,0.31,10657785.0
2024-09-23,0.31,0.31,0.32,0.31,9638589.0
2024-09-24,0.31,0.32,0.32,0.31,22890789.0
2024-09-25,0.33,0.32,0.33,0.32,22999454.0
2024-09-26,0.32,0.34,0.34,0.32,22534297.0
2024-09-27,0.35,0.36,0.36,0.34,17585230.0
2024-09-30,0.38,0.4,0.4,0.38,28803461.0
2024-10-08,0.44,0.44,0.44,0.44,9857327.0
2024-10-09,0.48,0.48,0.48,0.45,83562770.0
2024-10-10,0.49,0.46,0.5,0.46,55872888.0
2024-10-11,0.45,0.44,0.46,0.43,36662933.0
2024-10-14,0.44,0.45,0.46,0.43,32022552.0
2024-10-15,0.45,0.45,0.47,0.45,33635124.0
2024-10-16,0.43,0.44,0.45,0.43,21511586.0
2024-10-17,0.45,0.44,0.45,0.44,19207583.0
2024-10-18,0.44,0.48,0.48,0.44,47586073.0
2024-10-21,0.5,0.5,0.53,0.49,70846717.0
2024-10-22,0.5,0.5,0.51,0.49,30329571.0
2024-10-23,0.49,0.49,0.5,0.49,25538830.0
2024-10-24,0.48,0.49,0.5,0.48,20119110.0
2024-10-25,0.49,0.49,0.5,0.48,25062995.0
2024-10-28,0.49,0.49,0.49,0.48,16389362.0
2024-10-29,0.49,0.49,0.51,0.49,27856030.0
2024-10-30,0.48,0.48,0.49,0.47,19345081.0
2024-10-31,0.48,0.49,0.5,0.48,28834031.0
2024-11-01,0.49,0.47,0.49,0.47,28021663.0
2024-11-04,0.47,0.48,0.48,0.47,15512794.0
2024-11-05,0.48,0.5,0.51,0.48,31267431.0
2024-11-06,0.51,0.51,0.52,0.5,29075172.0
2024-11-07,0.5,0.52,0.53,0.5,23750679.0
2024-11-08,0.54,0.53,0.55,0.53,28272171.0
2024-11-11,0.53,0.56,0.56,0.53,30600193.0
2024-11-12,0.56,0.55,0.56,0.54,26981550.0
2024-11-13,0.54,0.55,0.55,0.54,17576400.0
2024-11-14,0.54,0.53,0.55,0.52,19149399.0
2024-11-15,0.52,0.5,0.53,0.5,24318070.0
2024-11-18,0.5,0.49,0.51,0.49,22312121.0
2024-11-19,0.49,0.51,0.51,0.49,24326307.0
2024-11-20,0.51,0.51,0.51,0.5,17806999.0
2024-11-21,0.51,0.51,0.52,0.5,16202449.0
2024-11-22,0.51,0.49,0.52,0.49,22481950.0
2024-11-25,0.49,0.48,0.49,0.47,16383357.0
2024-11-26,0.48,0.48,0.49,0.48,9584873.0
2024-11-27,0.48,0.5,0.5,0.47,19516680.0
2024-11-28,0.5,0.49,0.51,0.49,16118619.0
2024-11-29,0.49,0.5,0.51,0.49,21474276.0
2024-12-02,0.5,0.51,0.51,0.5,14968895.0
2024-12-03,0.51,0.5,0.51,0.5,15558866.0
2024-12-04,0.51,0.5,0.52,0.5,22150062.0
2024-12-05,0.5,0.5,0.5,0.5,11922700.0
2024-12-06,0.5,0.51,0.51,0.5,19114223.0
2024-12-09,0.5,0.5,0.51,0.49,14728232.0
2024-12-10,0.52,0.5,0.52,0.5,24585806.0
2024-12-11,0.5,0.5,0.51,0.5,12787903.0
2024-12-12,0.5,0.51,0.51,0.5,12982226.0
2024-12-13,0.5,0.5,0.51,0.5,16627338.0
2024-12-16,0.5,0.49,0.5,0.49,12555216.0
2024-12-17,0.49,0.49,0.49,0.48,11626200.0
2024-12-18,0.49,0.5,0.5,0.48,24345584.0
2024-12-19,0.49,0.51,0.51,0.49,21117577.0
2024-12-20,0.51,0.53,0.54,0.51,29569980.0
2024-12-23,0.53,0.52,0.53,0.52,14113760.0
2024-12-24,0.52,0.53,0.53,0.51,20791437.0
2024-12-25,0.53,0.52,0.53,0.52,13182557.0
2024-12-26,0.52,0.53,0.54,0.52,17008414.0
2024-12-27,0.53,0.53,0.54,0.53,15630122.0
2024-12-30,0.53,0.53,0.54,0.52,10748693.0
2024-12-31,0.53,0.5,0.53,0.5,19188192.0
2025-01-02,0.5,0.48,0.5,0.48,22271594.0
2025-01-03,0.48,0.47,0.49,0.47,18434040.0
2025-01-06,0.47,0.47,0.48,0.46,13745002.0
2025-01-07,0.47,0.49,0.49,0.47,20549262.0
2025-01-08,0.48,0.49,0.5,0.47,18766387.0
2025-01-09,0.49,0.49,0.5,0.49,13736618.0
2025-01-10,0.49,0.49,0.51,0.49,19102308.0
2025-01-13,0.48,0.49,0.49,0.48,9861795.0
2025-01-14,0.49,0.51,0.51,0.48,21820709.0
2025-01-15,0.5,0.5,0.51,0.5,13420031.0
2025-01-16,0.51,0.49,0.51,0.49,17471067.0
2025-01-17,0.49,0.51,0.51,0.49,20987434.0
2025-01-20,0.51,0.51,0.51,0.5,12318374.0
2025-01-21,0.51,0.51,0.52,0.5,18064509.0
2025-01-22,0.51,0.51,0.52,0.51,12349718.0
2025-01-23,0.52,0.5,0.52,0.5,16424174.0
2025-01-24,0.5,0.51,0.51,0.5,10518749.0
2025-01-27,0.51,0.5,0.51,0.49,12989797.0
2025-02-05,0.51,0.51,0.51,0.5,16236903.0
2025-02-06,0.51,0.53,0.53,0.5,21228997.0
2025-02-07,0.53,0.53,0.54,0.52,21415954.0
2025-02-10,0.53,0.54,0.54,0.53,13785230.0
2025-02-11,0.54,0.53,0.54,0.53,10195823.0
2025-02-12,0.53,0.55,0.55,0.53,18621677.0
2025-02-13,0.55,0.53,0.55,0.53,15715180.0
2025-02-14,0.53,0.53,0.53,0.52,12179044.0
2025-02-17,0.53,0.54,0.54,0.53,13543496.0
2025-02-18,0.54,0.53,0.54,0.53,12911276.0
2025-02-19,0.53,0.55,0.55,0.53,23256414.0
2025-02-20,0.55,0.55,0.55,0.54,12310497.0
2025-02-21,0.55,0.58,0.58,0.55,23599180.0
2025-02-24,0.57,0.58,0.58,0.57,14249768.0
2025-02-25,0.57,0.58,0.59,0.56,15515576.0
2025-02-26,0.58,0.59,0.59,0.57,16172346.0
2025-02-27,0.59,0.58,0.59,0.57,15030094.0
2025-02-28,0.58,0.55,0.58,0.55,17602363.0
2025-03-03,0.55,0.55,0.56,0.54,12097869.0
2025-03-04,0.54,0.56,0.57,0.54,16498928.0
2025-03-05,0.56,0.56,0.57,0.56,10979144.0
2025-03-06,0.57,0.58,0.58,0.57,14115166.0
2025-03-07,0.58,0.57,0.58,0.57,10413191.0
2025-03-10,0.57,0.57,0.57,0.56,9252974.0
2025-03-11,0.56,0.57,0.57,0.56,10302697.0
2025-03-12,0.57,0.56,0.57,0.56,9922863.0
2025-03-13,0.56,0.55,0.56,0.54,15848216.0
2025-03-14,0.55,0.56,0.56,0.55,12543424.0
2025-03-17,0.56,0.56,0.56,0.55,6210129.0
2025-03-18,0.56,0.56,0.57,0.56,8391132.0
2025-03-19,0.56,0.55,0.56,0.55,8190177.0
2025-03-20,0.55,0.55,0.55,0.55,8042064.0
2025-03-21,0.54,0.53,0.55,0.53,12183664.0
2025-03-24,0.53,0.54,0.54,0.53,9470239.0
2025-03-25,0.54,0.53,0.54,0.52,9084783.0
2025-03-26,0.53,0.53,0.53,0.53,5833410.0
2025-03-27,0.53,0.53,0.54,0.52,10338596.0
2025-03-28,0.53,0.52,0.53,0.52,8217843.0
2025-03-31,0.52,0.52,0.53,0.52,8649288.0
2025-04-01,0.53,0.53,0.53,0.52,7371609.0
2025-04-02,0.52,0.52,0.53,0.52,5956981.0
2025-04-03,0.52,0.52,0.53,0.52,10293338.0
2025-04-07,0.5,0.47,0.51,0.47,17378320.0
2025-04-08,0.48,0.47,0.49,0.47,12438906.0
2025-04-09,0.47,0.5,0.5,0.46,20979415.0
2025-04-10,0.51,0.5,0.51,0.5,13422926.0
2025-04-11,0.5,0.53,0.54,0.5,22313587.0
2025-04-14,0.54,0.53,0.54,0.52,11955329.0
2025-04-15,0.53,0.52,0.53,0.52,9060957.0
2025-04-16,0.52,0.52,0.53,0.52,9031479.0
2025-04-17,0.52,0.53,0.53,0.52,10043088.0
2025-04-18,0.53,0.52,0.53,0.52,6820985.0
2025-04-21,0.52,0.53,0.53,0.52,6175050.0
2025-04-22,0.53,0.53,0.53,0.52,6894218.0
2025-04-23,0.53,0.53,0.53,0.52,8424884.0
2025-04-24,0.53,0.52,0.53,0.52,7193049.0
2025-04-25,0.52,0.52,0.52,0.51,8050990.0
2025-04-28,0.52,0.52,0.52,0.51,6315451.0
2025-04-29,0.52,0.52,0.52,0.52,6438450.0
2025-04-30,0.52,0.53,0.53,0.52,7835112.0
2025-05-06,0.53,0.54,0.54,0.53,7791382.0
2025-05-07,0.55,0.54,0.55,0.53,8845336.0
2025-05-08,0.53,0.53,0.54,0.53,6271276.0
2025-05-09,0.53,0.52,0.53,0.52,10305885.0
2025-05-12,0.52,0.53,0.53,0.52,8531870.0
2025-05-13,0.53,0.52,0.53,0.52,7562052.0
2025-05-14,0.52,0.52,0.53,0.52,9548940.0
2025-05-15,0.52,0.51,0.52,0.51,10222182.0
2025-05-16,0.51,0.51,0.51,0.51,5591834.0
2025-05-19,0.51,0.51,0.52,0.51,6426218.0
2025-05-20,0.51,0.52,0.52,0.51,5439176.0
2025-05-21,0.52,0.51,0.52,0.51,6386267.0
2025-05-22,0.51,0.51,0.52,0.51,7523805.0
2025-05-23,0.51,0.5,0.51,0.5,9355177.0
2025-05-26,0.5,0.51,0.51,0.5,7290623.0
2025-05-27,0.5,0.5,0.51,0.5,7882628.0
2025-05-28,0.5,0.5,0.5,0.49,6207010.0
2025-05-29,0.5,0.51,0.51,0.5,9365636.0
2025-05-30,0.5,0.5,0.5,0.5,7064995.0
2025-06-03,0.5,0.5,0.51,0.5,7401285.0
2025-06-04,0.5,0.5,0.51,0.5,5376480.0
2025-06-05,0.51,0.51,0.51,0.5,11554314.0
2025-06-06,0.51,0.51,0.52,0.51,6634310.0
2025-06-09,0.51,0.51,0.52,0.51,6024994.0
2025-06-10,0.51,0.5,0.52,0.5,10170107.0
2025-06-11,0.5,0.5,0.51,0.5,6285855.0
2025-06-12,0.5,0.5,0.5,0.5,8983149.0
2025-06-13,0.5,0.5,0.5,0.49,8222979.0
2025-06-16,0.5,0.5,0.5,0.49,5182738.0
2025-06-17,0.5,0.5,0.5,0.49,6281744.0
2025-06-18,0.5,0.5,0.5,0.49,8725860.0
2025-06-19,0.5,0.5,0.51,0.5,10168564.0
2025-06-20,0.5,0.5,0.5,0.5,6739225.0
2025-06-23,0.49,0.5,0.51,0.49,10756590.0
2025-06-24,0.5,0.51,0.51,0.5,12826169.0
2025-06-25,0.51,0.52,0.52,0.51,15279567.0
2025-06-26,0.52,0.51,0.52,0.51,13029945.0
2025-06-27,0.52,0.52,0.52,0.51,12504391.0
2025-06-30,0.52,0.52,0.53,0.52,11593877.0
2025-07-01,0.52,0.52,0.53,0.52,9113684.0
2025-07-02,0.52,0.51,0.52,0.51,11698328.0
2025-07-03,0.51,0.51,0.51,0.51,8905545.0
2025-07-04,0.51,0.51,0.52,0.51,13849410.0
2025-07-07,0.51,0.51,0.51,0.51,5422686.0
2025-07-08,0.51,0.52,0.52,0.51,9710131.0
2025-07-09,0.52,0.51,0.52,0.51,10116476.0
2025-07-10,0.51,0.51,0.51,0.51,9661924.0
2025-07-11,0.51,0.52,0.52,0.51,15341018.0
2025-07-14,0.52,0.51,0.52,0.51,9092425.0
2025-07-15,0.51,0.51,0.51,0.51,13420386.0
2025-07-16,0.51,0.51,0.52,0.51,14377663.0
2025-07-17,0.51,0.52,0.52,0.51,13765182.0
2025-07-18,0.52,0.52,0.52,0.51,16701428.0
2025-07-21,0.52,0.52,0.52,0.52,11433695.0
2025-07-22,0.52,0.52,0.52,0.52,16788458.0
2025-07-23,0.52,0.52,0.53,0.52,21518745.0
2025-07-24,0.52,0.53,0.53,0.52,18155301.0
2025-07-25,0.53,0.54,0.54,0.53,20898010.0
2025-07-28,0.54,0.54,0.54,0.54,13565092.0
2025-07-29,0.54,0.55,0.55,0.54,15324630.0
2025-07-30,0.55,0.54,0.55,0.54,15530828.0
2025-07-31,0.54,0.54,0.55,0.54,17087400.0
2025-08-01,0.54,0.53,0.54,0.53,11938387.0
2025-08-04,0.53,0.54,0.54,0.53,10260298.0
2025-08-05,0.54,0.54,0.54,0.54,8037405.0
2025-08-06,0.54,0.55,0.55,0.54,9096383.0
2025-08-07,0.55,0.55,0.56,0.54,20116352.0
2025-08-08,0.55,0.54,0.55,0.54,12664125.0
2025-08-11,0.54,0.54,0.55,0.54,9267873.0
2025-08-12,0.54,0.56,0.56,0.54,19735997.0
2025-08-13,0.56,0.56,0.56,0.55,12534181.0
2025-08-14,0.56,0.57,0.58,0.56,22320520.0
2025-08-15,0.56,0.58,0.58,0.56,13398751.0
2025-08-18,0.59,0.59,0.6,0.58,15093814.0
2025-08-19,0.59,0.58,0.59,0.58,11248037.0
2025-08-20,0.58,0.6,0.6,0.58,20581377.0
2025-08-21,0.61,0.6,0.62,0.6,16358118.0
2025-08-22,0.61,0.66,0.66,0.61,29849687.0
2025-08-25,0.67,0.67,0.69,0.65,24601237.0
2025-08-26,0.66,0.66,0.67,0.65,17650248.0
2025-08-27,0.66,0.66,0.69,0.66,23657199.0
2025-08-28,0.66,0.71,0.71,0.66,29376435.0
2025-08-29,0.69,0.69,0.69,0.68,17949554.0
2025-09-01,0.7,0.7,0.71,0.68,17293945.0
2025-09-02,0.7,0.68,0.7,0.67,19855560.0
2025-09-03,0.67,0.67,0.68,0.66,15509398.0
2025-09-04,0.66,0.62,0.67,0.61,21535083.0
2025-09-05,0.62,0.64,0.64,0.61,16412048.0
2025-09-08,0.64,0.64,0.64,0.63,10798804.0
2025-09-09,0.63,0.62,0.64,0.62,9173547.0
2025-09-10,0.63,0.63,0.64,0.63,10115756.0
2025-09-11,0.63,0.67,0.67,0.63,17983717.0
2025-09-12,0.67,0.68,0.7,0.67,14955082.0
2025-09-15,0.71,0.69,0.71,0.68,13155720.0
2025-09-16,0.69,0.69,0.7,0.69,11301522.0
2025-09-17,0.69,0.7,0.71,0.68,11284959.0
2025-09-18,0.71,0.71,0.74,0.7,23169092.0
2025-09-19,0.71,0.7,0.73,0.7,12054084.0
2025-09-22,0.7,0.73,0.74,0.7,13893344.0
2025-09-23,0.73,0.73,0.74,0.71,13608900.0
2025-09-24,0.73,0.77,0.78,0.73,16845719.0
2025-09-25,0.77,0.77,0.78,0.76,13293727.0
2025-09-26,0.77,0.76,0.78,0.76,12136364.0
2025-09-29,0.76,0.77,0.77,0.75,10263335.0
2025-09-30,0.78,0.79,0.8,0.77,12306827.0
2025-10-09,0.8,0.81,0.84,0.8,14215225.0
2025-10-10,0.79,0.76,0.8,0.76,19449110.0
2025-10-13,0.73,0.78,0.78,0.73,17175670.0
2025-10-14,0.79,0.74,0.79,0.73,20174964.0
2025-10-15,0.73,0.75,0.75,0.72,12302748.0
2025-10-16,0.74,0.74,0.76,0.74,8927764.0
2025-10-17,0.74,0.71,0.74,0.71,13682082.0
2025-10-20,0.72,0.72,0.73,0.71,10963060.0
2025-10-21,0.72,0.74,0.74,0.72,12153159.0
2025-10-22,0.73,0.73,0.74,0.72,9016535.0
2025-10-23,0.73,0.73,0.73,0.71,8872191.0
2025-10-24,0.74,0.76,0.77,0.74,17162108.0
2025-10-27,0.78,0.78,0.79,0.76,18652236.0
2025-10-28,0.77,0.78,0.79,0.77,10846655.0
2025-10-29,0.77,0.78,0.79,0.77,13284606.0
2025-10-30,0.78,0.76,0.78,0.76,11291542.0
2025-10-31,0.76,0.73,0.76,0.73,15887788.0
2025-11-03,0.72,0.73,0.73,0.71,12595510.0
2025-11-04,0.73,0.72,0.73,0.71,10035616.0
2025-11-05,0.7,0.71,0.72,0.7,10715310.0
2025-11-06,0.72,0.74,0.74,0.72,13761302.0
2025-11-07,0.73,0.73,0.74,0.73,7856129.0
2025-11-10,0.73,0.73,0.74,0.72,8681389.0
2025-11-11,0.73,0.71,0.74,0.71,9389668.0
2025-11-12,0.71,0.71,0.72,0.7,8621229.0
2025-11-13,0.71,0.72,0.73,0.71,9920984.0
2025-11-14,0.71,0.7,0.72,0.7,10926467.0
2025-11-17,0.7,0.7,0.71,0.69,7749872.0
2025-11-18,0.7,0.71,0.72,0.7,10303592.0
2025-11-19,0.7,0.7,0.71,0.7,7924058.0
2025-11-20,0.71,0.69,0.71,0.69,8396534.0
2025-11-21,0.68,0.66,0.68,0.66,11972742.0
2025-11-24,0.66,0.67,0.67,0.65,9081604.0
2025-11-25,0.67,0.67,0.68,0.67,9870032.0
2025-11-26,0.67,0.68,0.69,0.67,11000407.0
2025-11-27,0.69,0.69,0.71,0.69,10226410.0
2025-11-28,0.68,0.7,0.7,0.68,7164561.0
2025-12-01,0.7,0.71,0.71,0.69,8900563.0
2025-12-02,0.71,0.7,0.71,0.7,6014195.0
2025-12-03,0.7,0.69,0.7,0.69,5081334.0
2025-12-04,0.69,0.71,0.71,0.68,8412544.0
2025-12-05,0.7,0.7,0.71,0.69,8191309.0
2025-12-08,0.7,0.72,0.73,0.7,10296431.0
2025-12-09,0.72,0.72,0.73,0.71,6963218.0
2025-12-10,0.71,0.72,0.72,0.7,6816988.0
2025-12-11,0.72,0.71,0.72,0.71,5126399.0
2025-12-12,0.71,0.72,0.72,0.7,8826665.0
2025-12-15,0.71,0.7,0.72,0.7,6518751.0
2025-12-16,0.7,0.69,0.71,0.69,7702527.0
2025-12-17,0.69,0.71,0.71,0.69,8543609.0
2025-12-18,0.7,0.7,0.71,0.7,5974338.0
2025-12-19,0.71,0.7,0.71,0.7,6571845.0
2025-12-22,0.7,0.72,0.72,0.7,9125728.0
2025-12-23,0.72,0.73,0.73,0.72,9393226.0
2025-12-24,0.73,0.74,0.74,0.72,8161550.0
2025-12-25,0.74,0.74,0.74,0.73,7029330.0
2025-12-26,0.73,0.73,0.74,0.73,6807966.0
2025-12-29,0.73,0.73,0.74,0.73,11104644.0
2025-12-30,0.73,0.74,0.75,0.73,9578275.0
2025-12-31,0.75,0.73,0.75,0.73,8350245.0
2026-01-05,0.74,0.77,0.77,0.74,11862556.0
2026-01-06,0.77,0.78,0.79,0.76,10069918.0
2026-01-07,0.8,0.8,0.81,0.79,12614904.0
2026-01-08,0.8,0.8,0.82,0.8,10422724.0
2026-01-09,0.8,0.81,0.81,0.79,9438238.0
2026-01-12,0.81,0.82,0.82,0.81,8059671.0
2026-01-13,0.82,0.8,0.83,0.79,10424241.0
2026-01-14,0.8,0.81,0.82,0.8,10945757.0
2026-01-15,0.8,0.82,0.83,0.8,10045465.0
2026-01-16,0.84,0.85,0.86,0.83,13113621.0
2026-01-19,0.85,0.85,0.86,0.84,9361344.0
2026-01-20,0.84,0.84,0.86,0.83,8677224.0
2026-01-21,0.84,0.87,0.88,0.84,12527429.0
2026-01-22,0.89,0.87,0.89,0.86,9646672.0
2026-01-23,0.86,0.87,0.87,0.85,8719855.0
2026-01-26,0.87,0.85,0.88,0.85,9961461.0
2026-01-27,0.85,0.87,0.88,0.84,9918714.0
2026-01-28,0.88,0.88,0.89,0.87,10506696.0
2026-01-29,0.88,0.85,0.88,0.85,12761856.0
2026-01-30,0.84,0.86,0.86,0.83,10597616.0
2026-02-02,0.84,0.81,0.85,0.81,14744126.0
2026-02-03,0.82,0.82,0.83,0.8,9294592.0
2026-02-04,0.81,0.8,0.81,0.79,9993004.0
2026-02-05,0.79,0.8,0.8,0.78,10236926.0
2026-02-06,0.78,0.79,0.8,0.78,8384436.0
2026-02-09,0.8,0.81,0.81,0.8,9454882.0
2026-02-10,0.82,0.82,0.83,0.81,6386633.0
2026-02-11,0.81,0.81,0.82,0.8,5384603.0
2026-02-12,0.81,0.83,0.83,0.81,6963868.0
2026-02-13,0.82,0.83,0.84,0.82,7231726.0
2026-02-24,0.84,0.83,0.84,0.82,5788507.0
2026-02-25,0.83,0.84,0.84,0.82,8759858.0
2026-02-26,0.84,0.85,0.86,0.83,7972492.0
2026-02-27,0.84,0.84,0.85,0.83,7130868.0
2026-03-02,0.83,0.83,0.84,0.82,7357658.0
2026-03-03,0.83,0.78,0.83,0.78,13466369.0
2026-03-04,0.77,0.78,0.8,0.77,9872894.0
2026-03-05,0.8,0.79,0.81,0.79,9219535.0
2026-03-06,0.78,0.79,0.8,0.78,5632987.0
2026-03-09,0.77,0.78,0.78,0.75,9810226.0
2026-03-10,0.79,0.8,0.8,0.79,7886920.0
2026-03-11,0.8,0.79,0.8,0.79,7266902.0
2026-03-12,0.79,0.78,0.8,0.77,7211408.0
2026-03-13,0.77,0.77,0.79,0.77,6808668.0
2026-03-16,0.77,0.79,0.79,0.76,10626386.0
2026-03-17,0.79,0.77,0.79,0.77,7716086.0
2026-03-18,0.77,0.78,0.79,0.77,8549739.0
2026-03-19,0.77,0.76,0.77,0.76,9605428.0
2026-03-20,0.77,0.75,0.77,0.75,8226739.0
2026-03-23,0.73,0.71,0.74,0.71,11882615.0
2026-03-24,0.72,0.73,0.73,0.7,9107577.0
2026-03-25,0.73,0.75,0.75,0.73,10158227.0
2026-03-26,0.74,0.73,0.74,0.72,6597208.0
2026-03-27,0.71,0.73,0.74,0.71,6244796.0
2026-03-30,0.72,0.73,0.74,0.72,6281802.0
2026-03-31,0.73,0.71,0.73,0.71,8498198.0
2026-04-01,0.73,0.73,0.73,0.72,8851075.0
2026-04-02,0.73,0.71,0.73,0.7,7711924.0
2026-04-03,0.71,0.71,0.72,0.7,5175092.0
2026-04-07,0.71,0.72,0.73,0.71,6988137.0
2026-04-08,0.74,0.77,0.77,0.74,10290859.0
2026-04-09,0.76,0.77,0.78,0.75,8052903.0
2026-04-10,0.78,0.78,0.79,0.78,7789697.0
2026-04-13,0.77,0.78,0.8,0.77,6822983.0
2026-04-14,0.8,0.8,0.81,0.79,8288641.0
2026-04-15,0.81,0.8,0.82,0.8,7797838.0
2026-04-16,0.8,0.81,0.81,0.79,6878260.0
2026-04-17,0.81,0.81,0.82,0.8,6187051.0
2026-04-20,0.81,0.83,0.83,0.81,6837801.0
2026-04-21,0.82,0.82,0.82,0.8,6632696.0
2026-04-22,0.81,0.84,0.84,0.81,10113763.0
2026-04-23,0.85,0.82,0.85,0.82,9387023.0
2026-04-24,0.83,0.84,0.85,0.82,11744618.0
2026-04-27,0.85,0.88,0.88,0.85,12107589.0
2026-04-28,0.87,0.87,0.89,0.86,7513621.0
2026-04-29,0.86,0.87,0.87,0.84,8347152.0
2026-04-30,0.88,0.91,0.91,0.87,12900460.0
2026-05-06,0.95,0.96,0.99,0.95,10695165.0
2026-05-07,0.97,0.97,0.98,0.95,8124786.0
2026-05-08,0.95,0.95,0.96,0.94,8513916.0
2026-05-11,0.98,1.01,1.02,0.97,10805356.0
2026-05-12,1.01,1.01,1.03,0.99,9173728.0
2026-05-13,0.99,1.04,1.05,0.98,9688554.0
2026-05-14,1.05,1.02,1.06,1.02,8772967.0
2026-05-15,1.02,1.02,1.06,0.99,13675723.0
2026-05-18,1.02,1.03,1.06,1.01,8870419.0
2026-05-19,1.02,1.07,1.07,1.0,12149503.0
2026-05-20,1.06,1.11,1.11,1.06,9620483.0
2026-05-21,1.13,1.07,1.15,1.06,11650602.0
2026-05-22,1.07,1.09,1.1,1.06,9662449.0
2026-05-25,1.1,1.17,1.18,1.08,10541575.0
2026-05-26,1.17,1.16,1.17,1.12,11334558.0
2026-05-27,1.16,1.13,1.19,1.13,11467473.0
2026-05-28,1.11,1.15,1.15,1.11,9537105.0
2026-05-29,1.15,1.08,1.15,1.07,11405394.0
2026-06-01,1.08,1.02,1.09,1.02,11178345.0
2026-06-02,1.02,1.04,1.06,1.01,9394950.0
2026-06-03,1.04,1.08,1.1,1.04,9635151.0
2026-06-04,1.06,1.1,1.11,1.06,6711546.0
2026-06-05,1.08,1.05,1.09,1.04,7219129.0
2026-06-08,0.99,1.0,1.03,0.99,8158831.0
2026-06-09,1.02,1.05,1.06,1.01,8309109.0
2026-06-10,1.04,1.05,1.09,1.04,6577005.0
2026-06-11,1.04,1.07,1.07,1.04,6322631.0
2026-06-12,1.11,1.05,1.11,1.05,7162684.0
2026-06-15,1.07,1.12,1.12,1.04,7697145.0
2026-06-16,1.12,1.13,1.13,1.11,5899647.0
2026-06-17,1.11,1.19,1.19,1.1,7890527.0
2026-06-18,1.19,1.24,1.25,1.19,7830702.0
2026-06-22,1.26,1.28,1.28,1.22,7691118.0
2026-06-23,1.27,1.26,1.3,1.24,7727168.0
2026-06-24,1.24,1.33,1.33,1.24,8776750.0
2026-06-25,1.35,1.39,1.39,1.34,7527433.0
2026-06-26,1.37,1.37,1.41,1.34,9683123.0
2026-06-29,1.38,1.45,1.46,1.35,9654730.0
2026-06-30,1.45,1.5,1.51,1.42,8292014.0
2026-07-01,1.5,1.47,1.56,1.45,9593499.0
2026-07-02,1.4,1.35,1.43,1.34,10956644.0
2026-07-03,1.32,1.33,1.38,1.3,15949373.0
2026-07-06,1.36,1.33,1.37,1.28,15961582.0
2026-07-07,1.31,1.34,1.37,1.3,12714319.0
2026-07-08,1.34,1.34,1.39,1.29,14497951.0
2026-07-09,1.36,1.47,1.47,1.35,18520142.0
2026-07-10,1.49,1.37,1.51,1.37,25192140.0
2026-07-13,1.33,1.29,1.39,1.28,16362728.0
2026-07-14,1.29,1.31,1.32,1.22,17300252.0
2026-07-15,1.33,1.23,1.33,1.23,17628159.0
2026-07-16,1.19,1.16,1.24,1.15,15216594.0
2026-07-17,1.14,1.07,1.16,1.06,19950970.0
2026-07-20,1.1,1.04,1.11,1.01,19831137.0
2026-07-21,1.056,1.144,1.144,1.0,26159789.0
