symbol,model,ts,p_up,actual_up,actual_pct,hit,abs_err
rb.SHFE,ridge,59,0.2611,0.0,-0.619,1,0.619
rb.SHFE,ridge,64,0.2611,1.0,0.722,0,0.722
rb.SHFE,ridge,69,0.2611,0.0,-0.655,1,0.655
rb.SHFE,ridge,74,0.2611,0.0,-1.109,1,1.109
rb.SHFE,ridge,79,0.2611,0.0,-0.079,1,0.079
rb.SHFE,ridge,84,0.2611,0.0,-0.855,1,0.855
rb.SHFE,ridge,89,0.2611,1.0,0.791,0,0.791
rb.SHFE,ridge,94,0.2611,0.0,-1.075,1,1.075
rb.SHFE,ridge,99,0.2611,0.0,-0.322,1,0.322
rb.SHFE,ridge,104,0.2611,0.0,-0.451,1,0.451
rb.SHFE,ridge,109,0.2611,1.0,0.188,0,0.188
rb.SHFE,ridge,114,0.2611,0.0,-0.068,1,0.068
rb.SHFE,ridge,119,0.0735,1.0,0.544,0,0.544
rb.SHFE,ridge,124,0.1498,0.0,-0.504,1,0.504
rb.SHFE,ridge,129,0.0766,0.0,-1.113,1,1.113
rb.SHFE,ridge,134,0.9425,1.0,1.17,1,1.17
rb.SHFE,ridge,139,0.7251,1.0,1.053,1,1.053
rb.SHFE,ridge,144,0.01,0.0,-0.589,1,0.589
rb.SHFE,ridge,149,0.1056,0.0,-0.155,1,0.155
rb.SHFE,ridge,154,0.5282,1.0,0.453,1,0.453
rb.SHFE,ridge,159,0.8876,1.0,0.609,1,0.609
rb.SHFE,ridge,164,0.1762,1.0,0.056,0,0.056
rb.SHFE,ridge,169,0.2548,0.0,-0.519,1,0.519
rb.SHFE,ridge,174,0.2529,1.0,0.051,0,0.051
rb.SHFE,ridge,179,0.0635,0.0,-0.385,1,0.385
rb.SHFE,ridge,184,0.7006,1.0,0.474,1,0.474
rb.SHFE,ridge,189,0.5604,1.0,0.144,1,0.144
rb.SHFE,ridge,194,0.1875,0.0,-0.32,1,0.32
rb.SHFE,ridge,199,0.01,1.0,0.251,0,0.251
rb.SHFE,ridge,204,0.1942,0.0,-0.02,1,0.02
rb.SHFE,ridge,209,0.5153,0.0,-0.267,0,0.267
rb.SHFE,ridge,214,0.8736,1.0,0.07,1,0.07
rb.SHFE,ridge,219,0.8467,1.0,0.165,1,0.165
rb.SHFE,ridge,224,0.8945,1.0,0.174,1,0.174
rb.SHFE,ridge,229,0.5766,1.0,0.26,1,0.26
rb.SHFE,ridge,234,0.4093,0.0,-0.042,1,0.042
rb.SHFE,ridge,239,0.2422,1.0,0.44,0,0.44
rb.SHFE,lstm,59,0.1951,0.0,-0.619,1,0.619
rb.SHFE,lstm,64,0.1951,1.0,0.722,0,0.722
rb.SHFE,lstm,69,0.1951,0.0,-0.655,1,0.655
rb.SHFE,lstm,74,0.1951,0.0,-1.109,1,1.109
rb.SHFE,lstm,79,0.1951,0.0,-0.079,1,0.079
rb.SHFE,lstm,84,0.1951,0.0,-0.855,1,0.855
rb.SHFE,lstm,89,0.1951,1.0,0.791,0,0.791
rb.SHFE,lstm,94,0.1951,0.0,-1.075,1,1.075
rb.SHFE,lstm,99,0.1951,0.0,-0.322,1,0.322
rb.SHFE,lstm,104,0.1951,0.0,-0.451,1,0.451
rb.SHFE,lstm,109,0.1951,1.0,0.188,0,0.188
rb.SHFE,lstm,114,0.1951,0.0,-0.068,1,0.068
rb.SHFE,lstm,119,0.0599,1.0,0.544,0,0.544
rb.SHFE,lstm,124,0.2639,0.0,-0.504,1,0.504
rb.SHFE,lstm,129,0.0104,0.0,-1.113,1,1.113
rb.SHFE,lstm,134,0.9841,1.0,1.17,1,1.17
rb.SHFE,lstm,139,0.99,1.0,1.053,1,1.053
rb.SHFE,lstm,144,0.01,0.0,-0.589,1,0.589
rb.SHFE,lstm,149,0.0283,0.0,-0.155,1,0.155
rb.SHFE,lstm,154,0.8418,1.0,0.453,1,0.453
rb.SHFE,lstm,159,0.8112,1.0,0.609,1,0.609
rb.SHFE,lstm,164,0.4861,1.0,0.056,0,0.056
rb.SHFE,lstm,169,0.1215,0.0,-0.519,1,0.519
rb.SHFE,lstm,174,0.2356,1.0,0.051,0,0.051
rb.SHFE,lstm,179,0.0133,0.0,-0.385,1,0.385
rb.SHFE,lstm,184,0.7177,1.0,0.474,1,0.474
rb.SHFE,lstm,189,0.7882,1.0,0.144,1,0.144
rb.SHFE,lstm,194,0.2434,0.0,-0.32,1,0.32
rb.SHFE,lstm,199,0.01,1.0,0.251,0,0.251
rb.SHFE,lstm,204,0.215,0.0,-0.02,1,0.02
rb.SHFE,lstm,209,0.1023,0.0,-0.267,1,0.267
rb.SHFE,lstm,214,0.1437,1.0,0.07,0,0.07
rb.SHFE,lstm,219,0.4485,1.0,0.165,0,0.165
rb.SHFE,lstm,224,0.4473,1.0,0.174,0,0.174
rb.SHFE,lstm,229,0.8792,1.0,0.26,1,0.26
rb.SHFE,lstm,234,0.01,0.0,-0.042,1,0.042
rb.SHFE,lstm,239,0.767,1.0,0.44,1,0.44
rb.SHFE,tcn,59,0.6237,0.0,-0.619,0,0.619
rb.SHFE,tcn,64,0.6237,1.0,0.722,1,0.722
rb.SHFE,tcn,69,0.6237,0.0,-0.655,0,0.655
rb.SHFE,tcn,74,0.6237,0.0,-1.109,0,1.109
rb.SHFE,tcn,79,0.6237,0.0,-0.079,0,0.079
rb.SHFE,tcn,84,0.6237,0.0,-0.855,0,0.855
rb.SHFE,tcn,89,0.6237,1.0,0.791,1,0.791
rb.SHFE,tcn,94,0.6237,0.0,-1.075,0,1.075
rb.SHFE,tcn,99,0.6237,0.0,-0.322,0,0.322
rb.SHFE,tcn,104,0.6237,0.0,-0.451,0,0.451
rb.SHFE,tcn,109,0.6237,1.0,0.188,1,0.188
rb.SHFE,tcn,114,0.6237,0.0,-0.068,0,0.068
rb.SHFE,tcn,119,0.8608,1.0,0.544,1,0.544
rb.SHFE,tcn,124,0.9362,0.0,-0.504,0,0.504
rb.SHFE,tcn,129,0.2612,0.0,-1.113,1,1.113
rb.SHFE,tcn,134,0.99,1.0,1.17,1,1.17
rb.SHFE,tcn,139,0.9844,1.0,1.053,1,1.053
rb.SHFE,tcn,144,0.1858,0.0,-0.589,1,0.589
rb.SHFE,tcn,149,0.0129,0.0,-0.155,1,0.155
rb.SHFE,tcn,154,0.5863,1.0,0.453,1,0.453
rb.SHFE,tcn,159,0.7788,1.0,0.609,1,0.609
rb.SHFE,tcn,164,0.7754,1.0,0.056,1,0.056
rb.SHFE,tcn,169,0.198,0.0,-0.519,1,0.519
rb.SHFE,tcn,174,0.2685,1.0,0.051,0,0.051
rb.SHFE,tcn,179,0.6805,0.0,-0.385,0,0.385
rb.SHFE,tcn,184,0.749,1.0,0.474,1,0.474
rb.SHFE,tcn,189,0.6427,1.0,0.144,1,0.144
rb.SHFE,tcn,194,0.246,0.0,-0.32,1,0.32
rb.SHFE,tcn,199,0.4339,1.0,0.251,0,0.251
rb.SHFE,tcn,204,0.6818,0.0,-0.02,0,0.02
rb.SHFE,tcn,209,0.6541,0.0,-0.267,0,0.267
rb.SHFE,tcn,214,0.99,1.0,0.07,1,0.07
rb.SHFE,tcn,219,0.7343,1.0,0.165,1,0.165
rb.SHFE,tcn,224,0.5989,1.0,0.174,1,0.174
rb.SHFE,tcn,229,0.697,1.0,0.26,1,0.26
rb.SHFE,tcn,234,0.99,0.0,-0.042,0,0.042
rb.SHFE,tcn,239,0.969,1.0,0.44,1,0.44
rb.SHFE,gbm,59,0.5719,0.0,-0.619,0,0.619
rb.SHFE,gbm,64,0.5719,1.0,0.722,1,0.722
rb.SHFE,gbm,69,0.5719,0.0,-0.655,0,0.655
rb.SHFE,gbm,74,0.5719,0.0,-1.109,0,1.109
rb.SHFE,gbm,79,0.5719,0.0,-0.079,0,0.079
rb.SHFE,gbm,84,0.5719,0.0,-0.855,0,0.855
rb.SHFE,gbm,89,0.5719,1.0,0.791,1,0.791
rb.SHFE,gbm,94,0.5719,0.0,-1.075,0,1.075
rb.SHFE,gbm,99,0.5719,0.0,-0.322,0,0.322
rb.SHFE,gbm,104,0.5719,0.0,-0.451,0,0.451
rb.SHFE,gbm,109,0.5719,1.0,0.188,1,0.188
rb.SHFE,gbm,114,0.5719,0.0,-0.068,0,0.068
rb.SHFE,gbm,119,0.9708,1.0,0.544,1,0.544
rb.SHFE,gbm,124,0.4394,0.0,-0.504,1,0.504
rb.SHFE,gbm,129,0.4696,0.0,-1.113,1,1.113
rb.SHFE,gbm,134,0.9325,1.0,1.17,1,1.17
rb.SHFE,gbm,139,0.7303,1.0,1.053,1,1.053
rb.SHFE,gbm,144,0.0176,0.0,-0.589,1,0.589
rb.SHFE,gbm,149,0.2329,0.0,-0.155,1,0.155
rb.SHFE,gbm,154,0.5012,1.0,0.453,1,0.453
rb.SHFE,gbm,159,0.7301,1.0,0.609,1,0.609
rb.SHFE,gbm,164,0.2347,1.0,0.056,0,0.056
rb.SHFE,gbm,169,0.1067,0.0,-0.519,1,0.519
rb.SHFE,gbm,174,0.3937,1.0,0.051,0,0.051
rb.SHFE,gbm,179,0.4947,0.0,-0.385,1,0.385
rb.SHFE,gbm,184,0.9898,1.0,0.474,1,0.474
rb.SHFE,gbm,189,0.746,1.0,0.144,1,0.144
rb.SHFE,gbm,194,0.3806,0.0,-0.32,1,0.32
rb.SHFE,gbm,199,0.9174,1.0,0.251,1,0.251
rb.SHFE,gbm,204,0.7802,0.0,-0.02,0,0.02
rb.SHFE,gbm,209,0.9517,0.0,-0.267,0,0.267
rb.SHFE,gbm,214,0.8547,1.0,0.07,1,0.07
rb.SHFE,gbm,219,0.01,1.0,0.165,0,0.165
rb.SHFE,gbm,224,0.4347,1.0,0.174,0,0.174
rb.SHFE,gbm,229,0.6997,1.0,0.26,1,0.26
rb.SHFE,gbm,234,0.8048,0.0,-0.042,0,0.042
rb.SHFE,gbm,239,0.4661,1.0,0.44,0,0.44
au.SHFE,ridge,59,0.2836,1.0,0.311,0,0.311
au.SHFE,ridge,64,0.2836,0.0,-0.097,1,0.097
au.SHFE,ridge,69,0.2836,1.0,0.373,0,0.373
au.SHFE,ridge,74,0.2836,1.0,0.489,0,0.489
au.SHFE,ridge,79,0.2836,1.0,0.258,0,0.258
au.SHFE,ridge,84,0.2836,0.0,-0.185,1,0.185
au.SHFE,ridge,89,0.2836,1.0,0.101,0,0.101
au.SHFE,ridge,94,0.2836,0.0,-0.613,1,0.613
au.SHFE,ridge,99,0.2836,0.0,-0.16,1,0.16
au.SHFE,ridge,104,0.2836,0.0,-0.305,1,0.305
au.SHFE,ridge,109,0.2836,0.0,-0.635,1,0.635
au.SHFE,ridge,114,0.2836,0.0,-0.686,1,0.686
au.SHFE,ridge,119,0.0969,0.0,-0.064,1,0.064
au.SHFE,ridge,124,0.4546,0.0,-0.074,1,0.074
au.SHFE,ridge,129,0.01,0.0,-0.424,1,0.424
au.SHFE,ridge,134,0.9687,0.0,-0.329,0,0.329
au.SHFE,ridge,139,0.9821,0.0,-0.32,0,0.32
au.SHFE,ridge,144,0.041,0.0,-0.411,1,0.411
au.SHFE,ridge,149,0.3574,0.0,-0.806,1,0.806
au.SHFE,ridge,154,0.7752,0.0,-0.206,0,0.206
au.SHFE,ridge,159,0.9814,0.0,-1.201,0,1.201
au.SHFE,ridge,164,0.5854,0.0,-0.014,0,0.014
au.SHFE,ridge,169,0.4608,1.0,0.368,0,0.368
au.SHFE,ridge,174,0.356,1.0,0.167,0,0.167
au.SHFE,ridge,179,0.2562,0.0,-0.414,1,0.414
au.SHFE,ridge,184,0.221,1.0,0.004,0,0.004
au.SHFE,ridge,189,0.8582,0.0,-0.14,0,0.14
au.SHFE,ridge,194,0.5366,1.0,0.567,1,0.567
au.SHFE,ridge,199,0.01,1.0,1.898,0,1.898
au.SHFE,ridge,204,0.3185,1.0,0.023,0,0.023
au.SHFE,ridge,209,0.3064,1.0,0.111,0,0.111
au.SHFE,ridge,214,0.9327,0.0,-0.155,0,0.155
au.SHFE,ridge,219,0.5504,1.0,0.5,1,0.5
au.SHFE,ridge,224,0.6818,1.0,0.862,1,0.862
au.SHFE,ridge,229,0.6752,0.0,-0.162,0,0.162
au.SHFE,ridge,234,0.0888,0.0,-0.015,1,0.015
au.SHFE,ridge,239,0.1928,0.0,-0.269,1,0.269
au.SHFE,lstm,59,0.4043,1.0,0.311,0,0.311
au.SHFE,lstm,64,0.4043,0.0,-0.097,1,0.097
au.SHFE,lstm,69,0.4043,1.0,0.373,0,0.373
au.SHFE,lstm,74,0.4043,1.0,0.489,0,0.489
au.SHFE,lstm,79,0.4043,1.0,0.258,0,0.258
au.SHFE,lstm,84,0.4043,0.0,-0.185,1,0.185
au.SHFE,lstm,89,0.4043,1.0,0.101,0,0.101
au.SHFE,lstm,94,0.4043,0.0,-0.613,1,0.613
au.SHFE,lstm,99,0.4043,0.0,-0.16,1,0.16
au.SHFE,lstm,104,0.4043,0.0,-0.305,1,0.305
au.SHFE,lstm,109,0.4043,0.0,-0.635,1,0.635
au.SHFE,lstm,114,0.4043,0.0,-0.686,1,0.686
au.SHFE,lstm,119,0.0529,0.0,-0.064,1,0.064
au.SHFE,lstm,124,0.2396,0.0,-0.074,1,0.074
au.SHFE,lstm,129,0.0374,0.0,-0.424,1,0.424
au.SHFE,lstm,134,0.99,0.0,-0.329,0,0.329
au.SHFE,lstm,139,0.9392,0.0,-0.32,0,0.32
au.SHFE,lstm,144,0.0287,0.0,-0.411,1,0.411
au.SHFE,lstm,149,0.659,0.0,-0.806,0,0.806
au.SHFE,lstm,154,0.7009,0.0,-0.206,0,0.206
au.SHFE,lstm,159,0.6561,0.0,-1.201,0,1.201
au.SHFE,lstm,164,0.3716,0.0,-0.014,1,0.014
au.SHFE,lstm,169,0.2937,1.0,0.368,0,0.368
au.SHFE,lstm,174,0.7341,1.0,0.167,1,0.167
au.SHFE,lstm,179,0.1841,0.0,-0.414,1,0.414
au.SHFE,lstm,184,0.8921,1.0,0.004,1,0.004
au.SHFE,lstm,189,0.4856,0.0,-0.14,1,0.14
au.SHFE,lstm,194,0.0927,1.0,0.567,0,0.567
au.SHFE,lstm,199,0.279,1.0,1.898,0,1.898
au.SHFE,lstm,204,0.1057,1.0,0.023,0,0.023
au.SHFE,lstm,209,0.6983,1.0,0.111,1,0.111
au.SHFE,lstm,214,0.3159,0.0,-0.155,1,0.155
au.SHFE,lstm,219,0.2682,1.0,0.5,0,0.5
au.SHFE,lstm,224,0.5378,1.0,0.862,1,0.862
au.SHFE,lstm,229,0.5589,0.0,-0.162,0,0.162
au.SHFE,lstm,234,0.788,0.0,-0.015,0,0.015
au.SHFE,lstm,239,0.0821,0.0,-0.269,1,0.269
au.SHFE,tcn,59,0.4488,1.0,0.311,0,0.311
au.SHFE,tcn,64,0.4488,0.0,-0.097,1,0.097
au.SHFE,tcn,69,0.4488,1.0,0.373,0,0.373
au.SHFE,tcn,74,0.4488,1.0,0.489,0,0.489
au.SHFE,tcn,79,0.4488,1.0,0.258,0,0.258
au.SHFE,tcn,84,0.4488,0.0,-0.185,1,0.185
au.SHFE,tcn,89,0.4488,1.0,0.101,0,0.101
au.SHFE,tcn,94,0.4488,0.0,-0.613,1,0.613
au.SHFE,tcn,99,0.4488,0.0,-0.16,1,0.16
au.SHFE,tcn,104,0.4488,0.0,-0.305,1,0.305
au.SHFE,tcn,109,0.4488,0.0,-0.635,1,0.635
au.SHFE,tcn,114,0.4488,0.0,-0.686,1,0.686
au.SHFE,tcn,119,0.1386,0.0,-0.064,1,0.064
au.SHFE,tcn,124,0.2615,0.0,-0.074,1,0.074
au.SHFE,tcn,129,0.1248,0.0,-0.424,1,0.424
au.SHFE,tcn,134,0.99,0.0,-0.329,0,0.329
au.SHFE,tcn,139,0.8767,0.0,-0.32,0,0.32
au.SHFE,tcn,144,0.1578,0.0,-0.411,1,0.411
au.SHFE,tcn,149,0.8475,0.0,-0.806,0,0.806
au.SHFE,tcn,154,0.5096,0.0,-0.206,0,0.206
au.SHFE,tcn,159,0.343,0.0,-1.201,1,1.201
au.SHFE,tcn,164,0.1209,0.0,-0.014,1,0.014
au.SHFE,tcn,169,0.0178,1.0,0.368,0,0.368
au.SHFE,tcn,174,0.01,1.0,0.167,0,0.167
au.SHFE,tcn,179,0.023,0.0,-0.414,1,0.414
au.SHFE,tcn,184,0.5829,1.0,0.004,1,0.004
au.SHFE,tcn,189,0.5122,0.0,-0.14,0,0.14
au.SHFE,tcn,194,0.1517,1.0,0.567,0,0.567
au.SHFE,tcn,199,0.1644,1.0,1.898,0,1.898
au.SHFE,tcn,204,0.1802,1.0,0.023,0,0.023
au.SHFE,tcn,209,0.8121,1.0,0.111,1,0.111
au.SHFE,tcn,214,0.0659,0.0,-0.155,1,0.155
au.SHFE,tcn,219,0.01,1.0,0.5,0,0.5
au.SHFE,tcn,224,0.0797,1.0,0.862,0,0.862
au.SHFE,tcn,229,0.6512,0.0,-0.162,0,0.162
au.SHFE,tcn,234,0.8653,0.0,-0.015,0,0.015
au.SHFE,tcn,239,0.1531,0.0,-0.269,1,0.269
au.SHFE,gbm,59,0.5449,1.0,0.311,1,0.311
au.SHFE,gbm,64,0.5449,0.0,-0.097,0,0.097
au.SHFE,gbm,69,0.5449,1.0,0.373,1,0.373
au.SHFE,gbm,74,0.5449,1.0,0.489,1,0.489
au.SHFE,gbm,79,0.5449,1.0,0.258,1,0.258
au.SHFE,gbm,84,0.5449,0.0,-0.185,0,0.185
au.SHFE,gbm,89,0.5449,1.0,0.101,1,0.101
au.SHFE,gbm,94,0.5449,0.0,-0.613,0,0.613
au.SHFE,gbm,99,0.5449,0.0,-0.16,0,0.16
au.SHFE,gbm,104,0.5449,0.0,-0.305,0,0.305
au.SHFE,gbm,109,0.5449,0.0,-0.635,0,0.635
au.SHFE,gbm,114,0.5449,0.0,-0.686,0,0.686
au.SHFE,gbm,119,0.231,0.0,-0.064,1,0.064
au.SHFE,gbm,124,0.9012,0.0,-0.074,0,0.074
au.SHFE,gbm,129,0.1778,0.0,-0.424,1,0.424
au.SHFE,gbm,134,0.99,0.0,-0.329,0,0.329
au.SHFE,gbm,139,0.9765,0.0,-0.32,0,0.32
au.SHFE,gbm,144,0.1103,0.0,-0.411,1,0.411
au.SHFE,gbm,149,0.0961,0.0,-0.806,1,0.806
au.SHFE,gbm,154,0.8862,0.0,-0.206,0,0.206
au.SHFE,gbm,159,0.8844,0.0,-1.201,0,1.201
au.SHFE,gbm,164,0.699,0.0,-0.014,0,0.014
au.SHFE,gbm,169,0.1864,1.0,0.368,0,0.368
au.SHFE,gbm,174,0.4176,1.0,0.167,0,0.167
au.SHFE,gbm,179,0.2135,0.0,-0.414,1,0.414
au.SHFE,gbm,184,0.707,1.0,0.004,1,0.004
au.SHFE,gbm,189,0.7491,0.0,-0.14,0,0.14
au.SHFE,gbm,194,0.399,1.0,0.567,0,0.567
au.SHFE,gbm,199,0.4031,1.0,1.898,0,1.898
au.SHFE,gbm,204,0.7569,1.0,0.023,1,0.023
au.SHFE,gbm,209,0.8111,1.0,0.111,1,0.111
au.SHFE,gbm,214,0.01,0.0,-0.155,1,0.155
au.SHFE,gbm,219,0.4516,1.0,0.5,0,0.5
au.SHFE,gbm,224,0.6255,1.0,0.862,1,0.862
au.SHFE,gbm,229,0.9283,0.0,-0.162,0,0.162
au.SHFE,gbm,234,0.1806,0.0,-0.015,1,0.015
au.SHFE,gbm,239,0.9416,0.0,-0.269,0,0.269
